# x_m,y_m,w_tr_right_m,w_tr_left_m
7.5000,6.0000,0.6711,0.6711
7.5100,6.0000,0.6651,0.6651
7.5200,6.0100,0.6691,0.6691
7.5300,6.0100,0.6651,0.6651
7.5400,6.0200,0.6691,0.6691
7.5500,6.0200,0.6651,0.6651
7.5600,6.0200,0.6591,0.6591
7.5700,6.0300,0.6671,0.6671
7.5800,6.0300,0.6651,0.6651
7.5900,6.0300,0.6591,0.6591
7.6000,6.0400,0.6651,0.6651
7.6100,6.0400,0.6591,0.6591
7.6200,6.0400,0.6571,0.6571
7.6300,6.0500,0.6651,0.6651
7.6400,6.0500,0.6591,0.6591
7.6500,6.0600,0.6651,0.6651
7.6600,6.0600,0.6591,0.6591
7.6700,6.0700,0.6651,0.6651
7.6800,6.0700,0.6591,0.6591
7.6900,6.0800,0.6671,0.6671
7.7000,6.0800,0.6632,0.6632
7.7100,6.0800,0.6571,0.6571
7.7200,6.0800,0.6511,0.6511
7.7300,6.0800,0.6471,0.6471
7.7400,6.0900,0.6551,0.6551
7.7500,6.0900,0.6532,0.6532
7.7600,6.0900,0.6511,0.6511
7.7700,6.0900,0.6471,0.6471
7.7800,6.1000,0.6551,0.6551
7.7900,6.1000,0.6511,0.6511
7.8000,6.1000,0.6471,0.6471
7.8100,6.1100,0.6551,0.6551
7.8200,6.1100,0.6532,0.6532
7.8300,6.1200,0.6591,0.6591
7.8400,6.1200,0.6571,0.6571
7.8500,6.1300,0.6651,0.6651
7.8600,6.1300,0.6591,0.6591
7.8700,6.1300,0.6571,0.6571
7.8800,6.1400,0.6591,0.6591
7.8900,6.1400,0.6571,0.6571
7.9000,6.1500,0.6651,0.6651
7.9100,6.1500,0.6591,0.6591
7.9200,6.1500,0.6571,0.6571
7.9300,6.1600,0.6651,0.6651
7.9400,6.1600,0.6632,0.6632
7.9500,6.1700,0.6651,0.6651
7.9600,6.1700,0.6671,0.6671
7.9700,6.1700,0.6673,0.6673
7.9800,6.1800,0.6632,0.6632
7.9900,6.1800,0.6651,0.6651
8.0000,6.1800,0.6671,0.6671
8.0100,6.1900,0.6591,0.6591
8.0200,6.1900,0.6651,0.6651
8.0300,6.2000,0.6571,0.6571
8.0400,6.2000,0.6591,0.6591
8.0500,6.2000,0.6651,0.6651
8.0600,6.2000,0.6671,0.6671
8.0700,6.2100,0.6591,0.6591
8.0800,6.2100,0.6651,0.6651
8.0900,6.2100,0.6671,0.6671
8.1000,6.2200,0.6591,0.6591
8.1100,6.2200,0.6651,0.6651
8.1200,6.2200,0.6671,0.6671
8.1300,6.2300,0.6591,0.6591
8.1400,6.2300,0.6651,0.6651
8.1500,6.2300,0.6671,0.6671
8.1600,6.2400,0.6591,0.6591
8.1700,6.2400,0.6612,0.6612
8.1800,6.2400,0.6632,0.6632
8.1900,6.2400,0.6651,0.6651
8.2000,6.2400,0.6671,0.6671
8.2100,6.2500,0.6591,0.6591
8.2200,6.2500,0.6632,0.6632
8.2300,6.2500,0.6651,0.6651
8.2400,6.2500,0.6651,0.6651
8.2500,6.2500,0.6591,0.6591
8.2600,6.2500,0.6571,0.6571
8.2700,6.2500,0.6511,0.6511
8.2800,6.2500,0.6471,0.6471
8.2900,6.2600,0.6551,0.6551
8.3000,6.2600,0.6532,0.6532
8.3100,6.2600,0.6511,0.6511
8.3200,6.2600,0.6471,0.6471
8.3300,6.2600,0.6451,0.6451
8.3400,6.2600,0.6431,0.6431
8.3500,6.2600,0.6371,0.6371
8.3600,6.2700,0.6431,0.6431
8.3700,6.2700,0.6371,0.6371
8.3800,6.2700,0.6351,0.6351
8.3900,6.2700,0.6332,0.6332
8.4000,6.2700,0.6291,0.6291
8.4100,6.2700,0.6251,0.6251
8.4200,6.2700,0.6212,0.6212
8.4300,6.2800,0.6251,0.6251
8.4400,6.2800,0.6232,0.6232
8.4500,6.2800,0.6212,0.6212
8.4600,6.2800,0.6192,0.6192
8.4700,6.2800,0.6173,0.6173
8.4800,6.2800,0.6153,0.6153
8.4900,6.2800,0.6133,0.6133
8.5000,6.2800,0.6113,0.6113
8.5100,6.2800,0.6094,0.6094
8.5200,6.2800,0.6074,0.6074
8.5300,6.2900,0.6154,0.6154
8.5400,6.2900,0.6135,0.6135
8.5500,6.2900,0.6115,0.6115
8.5600,6.2900,0.6095,0.6095
8.5700,6.2900,0.6076,0.6076
8.5800,6.2900,0.6056,0.6056
8.5900,6.2900,0.6036,0.6036
8.6000,6.2900,0.6017,0.6017
8.6100,6.2900,0.5997,0.5997
8.6200,6.3000,0.6077,0.6077
8.6300,6.3000,0.6058,0.6058
8.6400,6.3000,0.6038,0.6038
8.6500,6.3000,0.6018,0.6018
8.6600,6.3000,0.5998,0.5998
8.6700,6.3000,0.5979,0.5979
8.6800,6.3000,0.5959,0.5959
8.6900,6.3000,0.5939,0.5939
8.7000,6.3100,0.6020,0.6020
8.7100,6.3100,0.6000,0.6000
8.7200,6.3100,0.6000,0.6000
8.7300,6.3100,0.6000,0.6000
8.7400,6.3100,0.6000,0.6000
8.7500,6.3100,0.6020,0.6020
8.7600,6.3100,0.6039,0.6039
8.7700,6.3100,0.6059,0.6059
8.7800,6.3100,0.6079,0.6079
8.7900,6.3100,0.6098,0.6098
8.8000,6.3100,0.6118,0.6118
8.8100,6.3100,0.6138,0.6138
8.8200,6.3100,0.6158,0.6158
8.8300,6.3200,0.6277,0.6277
8.8400,6.3200,0.6297,0.6297
8.8500,6.3200,0.6317,0.6317
8.8600,6.3200,0.6336,0.6336
8.8700,6.3200,0.6356,0.6356
8.8800,6.3200,0.6376,0.6376
8.8900,6.3200,0.6395,0.6395
8.9000,6.3200,0.6415,0.6415
8.9100,6.3200,0.6435,0.6435
8.9200,6.3200,0.6454,0.6454
8.9300,6.3300,0.6574,0.6574
8.9400,6.3300,0.6594,0.6594
8.9500,6.3300,0.6613,0.6613
8.9600,6.3300,0.6633,0.6633
8.9700,6.3300,0.6653,0.6653
8.9800,6.3300,0.6673,0.6673
8.9900,6.3300,0.6692,0.6692
9.0000,6.3300,0.6712,0.6712
9.0100,6.3300,0.6732,0.6732
9.0200,6.3400,0.6851,0.6851
9.0300,6.3400,0.6871,0.6871
9.0400,6.3400,0.6891,0.6891
9.0500,6.3400,0.6910,0.6910
9.0600,6.3400,0.6950,0.6950
9.0700,6.3400,0.7000,0.7000
9.0800,6.3400,0.6998,0.6998
9.0900,6.3400,0.6979,0.6979
9.1000,6.3400,0.6959,0.6959
9.1100,6.3400,0.6939,0.6939
9.1200,6.3400,0.6920,0.6920
9.1300,6.3400,0.6900,0.6900
9.1400,6.3400,0.6920,0.6920
9.1500,6.3400,0.6939,0.6939
9.1600,6.3500,0.7059,0.7059
9.1700,6.3500,0.7079,0.7079
9.1800,6.3500,0.7098,0.7098
9.1900,6.3500,0.7100,0.7100
9.2000,6.3500,0.7100,0.7100
9.2100,6.3500,0.7100,0.7100
9.2200,6.3500,0.7100,0.7100
9.2300,6.3500,0.7100,0.7100
9.2400,6.3500,0.7100,0.7100
9.2500,6.3500,0.7100,0.7100
9.2600,6.3500,0.7100,0.7100
9.2700,6.3500,0.7100,0.7100
9.2800,6.3500,0.7100,0.7100
9.2900,6.3600,0.7200,0.7200
9.3000,6.3600,0.7198,0.7198
9.3100,6.3600,0.7179,0.7179
9.3200,6.3600,0.7159,0.7159
9.3300,6.3600,0.7139,0.7139
9.3400,6.3600,0.7120,0.7120
9.3500,6.3600,0.7100,0.7100
9.3600,6.3600,0.7100,0.7100
9.3700,6.3600,0.7100,0.7100
9.3800,6.3600,0.7100,0.7100
9.3900,6.3600,0.7100,0.7100
9.4000,6.3600,0.7100,0.7100
9.4100,6.3600,0.7100,0.7100
9.4200,6.3600,0.7100,0.7100
9.4300,6.3600,0.7100,0.7100
9.4400,6.3600,0.7100,0.7100
9.4500,6.3600,0.7098,0.7098
9.4600,6.3600,0.7079,0.7079
9.4700,6.3600,0.7059,0.7059
9.4800,6.3600,0.7039,0.7039
9.4900,6.3600,0.7020,0.7020
9.5000,6.3700,0.7100,0.7100
9.5100,6.3700,0.7100,0.7100
9.5200,6.3700,0.7098,0.7098
9.5300,6.3700,0.7079,0.7079
9.5400,6.3700,0.7059,0.7059
9.5500,6.3700,0.7039,0.7039
9.5600,6.3700,0.7020,0.7020
9.5700,6.3700,0.7000,0.7000
9.5800,6.3700,0.7000,0.7000
9.5900,6.3700,0.7000,0.7000
9.6000,6.3700,0.7000,0.7000
9.6100,6.3700,0.7000,0.7000
9.6200,6.3700,0.7000,0.7000
9.6300,6.3700,0.7000,0.7000
9.6400,6.3800,0.7000,0.7000
9.6500,6.3800,0.7000,0.7000
9.6600,6.3800,0.7000,0.7000
9.6700,6.3800,0.7000,0.7000
9.6800,6.3800,0.7000,0.7000
9.6900,6.3800,0.7000,0.7000
9.7000,6.3800,0.7000,0.7000
9.7100,6.3800,0.7000,0.7000
9.7200,6.3800,0.7000,0.7000
9.7300,6.3800,0.7000,0.7000
9.7400,6.3800,0.7000,0.7000
9.7500,6.3800,0.7000,0.7000
9.7600,6.3800,0.7000,0.7000
9.7700,6.3900,0.6900,0.6900
9.7800,6.3900,0.6900,0.6900
9.7900,6.3800,0.7000,0.7000
9.8000,6.3800,0.7000,0.7000
9.8100,6.3800,0.7000,0.7000
9.8200,6.3800,0.7000,0.7000
9.8300,6.3800,0.7000,0.7000
9.8400,6.3800,0.7000,0.7000
9.8500,6.3800,0.7000,0.7000
9.8600,6.3800,0.7000,0.7000
9.8700,6.3800,0.6998,0.6998
9.8800,6.3800,0.6979,0.6979
9.8900,6.3800,0.6959,0.6959
9.9000,6.3800,0.6939,0.6939
9.9100,6.3800,0.6920,0.6920
9.9200,6.3700,0.6800,0.6800
9.9300,6.3700,0.6800,0.6800
9.9400,6.3700,0.6800,0.6800
9.9500,6.3700,0.6798,0.6798
9.9600,6.3700,0.6779,0.6779
9.9700,6.3700,0.6759,0.6759
9.9800,6.3700,0.6739,0.6739
9.9900,6.3700,0.6720,0.6720
10.0000,6.3700,0.6700,0.6700
10.0100,6.3700,0.6700,0.6700
10.0200,6.3700,0.6698,0.6698
10.0300,6.3700,0.6679,0.6679
10.0400,6.3700,0.6659,0.6659
10.0500,6.3700,0.6639,0.6639
10.0600,6.3600,0.6520,0.6520
10.0700,6.3600,0.6500,0.6500
10.0800,6.3600,0.6520,0.6520
10.0900,6.3600,0.6539,0.6539
10.1000,6.3600,0.6559,0.6559
10.1100,6.3600,0.6579,0.6579
10.1200,6.3600,0.6598,0.6598
10.1300,6.3600,0.6600,0.6600
10.1400,6.3600,0.6600,0.6600
10.1500,6.3600,0.6600,0.6600
10.1600,6.3600,0.6600,0.6600
10.1700,6.3600,0.6600,0.6600
10.1800,6.3600,0.6600,0.6600
10.1900,6.3500,0.6500,0.6500
10.2000,6.3500,0.6500,0.6500
10.2100,6.3500,0.6500,0.6500
10.2200,6.3500,0.6500,0.6500
10.2300,6.3500,0.6500,0.6500
10.2400,6.3500,0.6498,0.6498
10.2500,6.3500,0.6479,0.6479
10.2600,6.3500,0.6459,0.6459
10.2700,6.3500,0.6439,0.6439
10.2800,6.3500,0.6420,0.6420
10.2900,6.3500,0.6400,0.6400
10.3000,6.3500,0.6420,0.6420
10.3100,6.3500,0.6439,0.6439
10.3200,6.3400,0.6359,0.6359
10.3300,6.3400,0.6379,0.6379
10.3400,6.3400,0.6398,0.6398
10.3500,6.3400,0.6400,0.6400
10.3600,6.3400,0.6400,0.6400
10.3700,6.3400,0.6420,0.6420
10.3800,6.3400,0.6439,0.6439
10.3900,6.3400,0.6459,0.6459
10.4000,6.3300,0.6379,0.6379
10.4100,6.3300,0.6398,0.6398
10.4200,6.3300,0.6400,0.6400
10.4300,6.3300,0.6400,0.6400
10.4400,6.3300,0.6400,0.6400
10.4500,6.3300,0.6400,0.6400
10.4600,6.3300,0.6400,0.6400
10.4700,6.3300,0.6400,0.6400
10.4800,6.3300,0.6420,0.6420
10.4900,6.3200,0.6339,0.6339
10.5000,6.3200,0.6359,0.6359
10.5100,6.3200,0.6379,0.6379
10.5200,6.3200,0.6398,0.6398
10.5300,6.3200,0.6418,0.6418
10.5400,6.3200,0.6438,0.6438
10.5500,6.3200,0.6458,0.6458
10.5600,6.3200,0.6477,0.6477
10.5700,6.3200,0.6497,0.6497
10.5800,6.3200,0.6517,0.6517
10.5900,6.3200,0.6536,0.6536
10.6000,6.3100,0.6456,0.6456
10.6100,6.3100,0.6476,0.6476
10.6200,6.3100,0.6495,0.6495
10.6300,6.3100,0.6515,0.6515
10.6400,6.3100,0.6535,0.6535
10.6500,6.3100,0.6554,0.6554
10.6600,6.3100,0.6574,0.6574
10.6700,6.3000,0.6494,0.6494
10.6800,6.3000,0.6513,0.6513
10.6900,6.3000,0.6533,0.6533
10.7000,6.3000,0.6553,0.6553
10.7100,6.3000,0.6573,0.6573
10.7200,6.3000,0.6592,0.6592
10.7300,6.2900,0.6512,0.6512
10.7400,6.2900,0.6532,0.6532
10.7500,6.2900,0.6551,0.6551
10.7600,6.2900,0.6571,0.6571
10.7700,6.2900,0.6591,0.6591
10.7800,6.2900,0.6615,0.6615
10.7900,6.2900,0.6635,0.6635
10.8000,6.2800,0.6554,0.6554
10.8100,6.2800,0.6574,0.6574
10.8200,6.2800,0.6594,0.6594
10.8300,6.2800,0.6613,0.6613
10.8400,6.2800,0.6633,0.6633
10.8500,6.2800,0.6653,0.6653
10.8600,6.2700,0.6573,0.6573
10.8700,6.2700,0.6592,0.6592
10.8800,6.2700,0.6612,0.6612
10.8900,6.2700,0.6632,0.6632
10.9000,6.2600,0.6551,0.6551
10.9100,6.2600,0.6571,0.6571
10.9200,6.2600,0.6591,0.6591
10.9300,6.2600,0.6651,0.6651
10.9400,6.2500,0.6571,0.6571
10.9500,6.2500,0.6591,0.6591
10.9600,6.2500,0.6612,0.6612
10.9700,6.2500,0.6632,0.6632
10.9800,6.2500,0.6651,0.6651
10.9900,6.2400,0.6571,0.6571
11.0000,6.2400,0.6591,0.6591
11.0100,6.2400,0.6651,0.6651
11.0200,6.2400,0.6671,0.6671
11.0300,6.2300,0.6591,0.6591
11.0400,6.2300,0.6651,0.6651
11.0500,6.2300,0.6691,0.6691
11.0600,6.2200,0.6633,0.6633
11.0700,6.2200,0.6653,0.6653
11.0800,6.2200,0.6673,0.6673
11.0900,6.2200,0.6692,0.6692
11.1000,6.2100,0.6612,0.6612
11.1100,6.2100,0.6632,0.6632
11.1200,6.2100,0.6651,0.6651
11.1300,6.2000,0.6571,0.6571
11.1400,6.2000,0.6591,0.6591
11.1500,6.2000,0.6651,0.6651
11.1600,6.2000,0.6671,0.6671
11.1700,6.1900,0.6591,0.6591
11.1800,6.1900,0.6651,0.6651
11.1900,6.1900,0.6691,0.6691
11.2000,6.1800,0.6651,0.6651
11.2100,6.1800,0.6671,0.6671
11.2200,6.1800,0.6691,0.6691
11.2300,6.1800,0.6731,0.6731
11.2400,6.1700,0.6671,0.6671
11.2500,6.1700,0.6691,0.6691
11.2600,6.1700,0.6731,0.6731
11.2700,6.1600,0.6691,0.6691
11.2800,6.1600,0.6731,0.6731
11.2900,6.1500,0.6671,0.6671
11.3000,6.1400,0.6591,0.6591
11.3100,6.1400,0.6651,0.6651
11.3200,6.1400,0.6691,0.6691
11.3300,6.1300,0.6651,0.6651
11.3400,6.1300,0.6671,0.6671
11.3500,6.1300,0.6691,0.6691
11.3600,6.1200,0.6651,0.6651
11.3700,6.1200,0.6691,0.6691
11.3800,6.1100,0.6651,0.6651
11.3900,6.1100,0.6691,0.6691
11.4000,6.1100,0.6731,0.6731
11.4100,6.1000,0.6711,0.6711
11.4200,6.0900,0.6671,0.6671
11.4300,6.0900,0.6691,0.6691
11.4400,6.0900,0.6731,0.6731
11.4500,6.0800,0.6691,0.6691
11.4600,6.0800,0.6731,0.6731
11.4700,6.0700,0.6711,0.6711
11.4800,6.0700,0.6772,0.6772
11.4900,6.0600,0.6752,0.6752
11.5000,6.0600,0.6813,0.6813
11.5100,6.0600,0.6871,0.6871
11.5200,6.0500,0.6853,0.6853
11.5300,6.0500,0.6871,0.6871
11.5400,6.0400,0.6894,0.6894
11.5500,6.0400,0.6851,0.6851
11.5600,6.0400,0.6791,0.6791
11.5700,6.0300,0.6810,0.6810
11.5800,6.0300,0.6791,0.6791
11.5900,6.0200,0.6810,0.6810
11.6000,6.0200,0.6772,0.6772
11.6100,6.0100,0.6791,0.6791
11.6200,6.0000,0.6810,0.6810
11.6300,6.0000,0.6791,0.6791
11.6400,5.9900,0.6810,0.6810
11.6500,5.9900,0.6791,0.6791
11.6600,5.9800,0.6810,0.6810
11.6700,5.9800,0.6791,0.6791
11.6800,5.9700,0.6810,0.6810
11.6900,5.9600,0.6871,0.6871
11.7000,5.9600,0.6810,0.6810
11.7100,5.9500,0.6871,0.6871
11.7200,5.9400,0.6910,0.6910
11.7300,5.9400,0.6871,0.6871
11.7400,5.9300,0.6910,0.6910
11.7500,5.9200,0.6991,0.6991
11.7600,5.9200,0.6950,0.6950
11.7700,5.9100,0.7010,0.7010
11.7800,5.9000,0.7030,0.7030
11.7900,5.9000,0.7010,0.7010
11.8000,5.8900,0.7030,0.7030
11.8100,5.8800,0.7071,0.7071
11.8200,5.8700,0.7090,0.7090
11.8300,5.8600,0.7130,0.7130
11.8300,5.8500,0.7230,0.7230
11.8400,5.8400,0.7250,0.7250
11.8500,5.8300,0.7310,0.7310
11.8600,5.8300,0.7250,0.7250
11.8700,5.8200,0.7310,0.7310
11.8800,5.8100,0.7350,0.7350
11.8900,5.8000,0.7390,0.7390
11.9000,5.7900,0.7420,0.7420
11.9100,5.7800,0.7439,0.7439
11.9200,5.7700,0.7459,0.7459
11.9300,5.7600,0.7478,0.7478
11.9300,5.7500,0.7418,0.7418
11.9400,5.7400,0.7437,0.7437
11.9400,5.7300,0.7377,0.7377
11.9500,5.7200,0.7396,0.7396
11.9600,5.7100,0.7416,0.7416
11.9600,5.7000,0.7355,0.7355
11.9700,5.6900,0.7375,0.7375
11.9800,5.6800,0.7394,0.7394
11.9800,5.6700,0.7334,0.7334
11.9800,5.6600,0.7273,0.7273
11.9900,5.6500,0.7293,0.7293
11.9900,5.6400,0.7233,0.7233
12.0000,5.6300,0.7252,0.7252
12.0000,5.6200,0.7192,0.7192
12.0100,5.6100,0.7211,0.7211
12.0100,5.6000,0.7151,0.7151
12.0100,5.5900,0.7090,0.7090
12.0200,5.5800,0.7130,0.7130
12.0300,5.5700,0.7151,0.7151
12.0300,5.5600,0.7090,0.7090
12.0300,5.5500,0.7030,0.7030
12.0300,5.5400,0.7010,0.7010
12.0400,5.5300,0.7090,0.7090
12.0500,5.5200,0.7130,0.7130
12.0500,5.5100,0.7090,0.7090
12.0500,5.5000,0.7030,0.7030
12.0500,5.4900,0.7010,0.7010
12.0600,5.4800,0.7090,0.7090
12.0600,5.4700,0.7030,0.7030
12.0600,5.4600,0.7010,0.7010
12.0600,5.4500,0.6950,0.6950
12.0700,5.4400,0.7010,0.7010
12.0700,5.4300,0.6991,0.6991
12.0700,5.4200,0.6971,0.6971
12.0700,5.4100,0.6951,0.6951
12.0700,5.4000,0.6932,0.6932
12.0800,5.3900,0.7010,0.7010
12.0800,5.3800,0.6991,0.6991
12.0800,5.3700,0.6971,0.6971
12.0800,5.3600,0.6951,0.6951
12.0800,5.3500,0.6932,0.6932
12.0900,5.3400,0.7012,0.7012
12.0900,5.3300,0.6992,0.6992
12.0900,5.3200,0.6973,0.6973
12.1000,5.3100,0.7053,0.7053
12.1000,5.3000,0.7033,0.7033
12.1000,5.2900,0.7013,0.7013
12.1000,5.2800,0.6994,0.6994
12.1000,5.2700,0.6974,0.6974
12.1100,5.2600,0.7054,0.7054
12.1100,5.2500,0.7035,0.7035
12.1100,5.2400,0.7015,0.7015
12.1100,5.2300,0.6995,0.6995
12.1100,5.2200,0.6976,0.6976
12.1100,5.2100,0.6956,0.6956
12.1200,5.2000,0.7036,0.7036
12.1200,5.1900,0.7017,0.7017
12.1200,5.1800,0.6997,0.6997
12.1200,5.1700,0.6977,0.6977
12.1200,5.1600,0.6958,0.6958
12.1200,5.1500,0.6938,0.6938
12.1300,5.1400,0.7018,0.7018
12.1300,5.1300,0.6998,0.6998
12.1300,5.1200,0.6979,0.6979
12.1300,5.1100,0.6959,0.6959
12.1300,5.1000,0.6939,0.6939
12.1400,5.0900,0.7020,0.7020
12.1400,5.0800,0.7000,0.7000
12.1400,5.0700,0.7000,0.7000
12.1400,5.0600,0.6998,0.6998
12.1400,5.0500,0.6979,0.6979
12.1400,5.0400,0.6959,0.6959
12.1400,5.0300,0.6939,0.6939
12.1500,5.0200,0.7020,0.7020
12.1500,5.0100,0.7000,0.7000
12.1500,5.0000,0.6998,0.6998
12.1500,4.9900,0.6979,0.6979
12.1500,4.9800,0.6959,0.6959
12.1500,4.9700,0.6939,0.6939
12.1500,4.9600,0.6920,0.6920
12.1600,4.9500,0.7000,0.7000
12.1600,4.9400,0.7000,0.7000
12.1600,4.9300,0.7000,0.7000
12.1600,4.9200,0.7000,0.7000
12.1600,4.9100,0.7000,0.7000
12.1600,4.9000,0.7000,0.7000
12.1600,4.8900,0.7000,0.7000
12.1700,4.8800,0.7100,0.7100
12.1700,4.8700,0.7100,0.7100
12.1700,4.8600,0.7100,0.7100
12.1700,4.8500,0.7100,0.7100
12.1700,4.8400,0.7100,0.7100
12.1700,4.8300,0.7100,0.7100
12.1700,4.8200,0.7100,0.7100
12.1700,4.8100,0.7100,0.7100
12.1700,4.8000,0.7100,0.7100
12.1800,4.7900,0.7200,0.7200
12.1800,4.7800,0.7200,0.7200
12.1800,4.7700,0.7198,0.7198
12.1800,4.7600,0.7179,0.7179
12.1800,4.7500,0.7159,0.7159
12.1800,4.7400,0.7139,0.7139
12.1800,4.7300,0.7120,0.7120
12.1800,4.7200,0.7100,0.7100
12.1800,4.7100,0.7120,0.7120
12.1800,4.7000,0.7139,0.7139
12.1800,4.6900,0.7159,0.7159
12.1800,4.6800,0.7179,0.7179
12.1800,4.6700,0.7198,0.7198
12.1800,4.6600,0.7200,0.7200
12.1800,4.6500,0.7200,0.7200
12.1800,4.6400,0.7220,0.7220
12.1800,4.6300,0.7239,0.7239
12.1800,4.6200,0.7259,0.7259
12.1800,4.6100,0.7279,0.7279
12.1800,4.6000,0.7298,0.7298
12.1800,4.5900,0.7300,0.7300
12.1700,4.5800,0.7200,0.7200
12.1700,4.5700,0.7220,0.7220
12.1700,4.5600,0.7239,0.7239
12.1700,4.5500,0.7259,0.7259
12.1700,4.5400,0.7279,0.7279
12.1700,4.5300,0.7298,0.7298
12.1700,4.5200,0.7300,0.7300
12.1700,4.5100,0.7300,0.7300
12.1700,4.5000,0.7320,0.7320
12.1600,4.4900,0.7239,0.7239
12.1600,4.4800,0.7259,0.7259
12.1600,4.4700,0.7279,0.7279
12.1600,4.4600,0.7298,0.7298
12.1600,4.4500,0.7300,0.7300
12.1600,4.4400,0.7300,0.7300
12.1600,4.4300,0.7320,0.7320
12.1600,4.4200,0.7339,0.7339
12.1600,4.4100,0.7359,0.7359
12.1600,4.4000,0.7379,0.7379
12.1500,4.3900,0.7298,0.7298
12.1500,4.3800,0.7300,0.7300
12.1500,4.3700,0.7300,0.7300
12.1500,4.3600,0.7320,0.7320
12.1500,4.3500,0.7339,0.7339
12.1500,4.3400,0.7359,0.7359
12.1500,4.3300,0.7379,0.7379
12.1400,4.3200,0.7298,0.7298
12.1400,4.3100,0.7318,0.7318
12.1400,4.3000,0.7338,0.7338
12.1400,4.2900,0.7358,0.7358
12.1400,4.2800,0.7377,0.7377
12.1400,4.2700,0.7397,0.7397
12.1300,4.2600,0.7317,0.7317
12.1300,4.2500,0.7336,0.7336
12.1300,4.2400,0.7356,0.7356
12.1300,4.2300,0.7376,0.7376
12.1300,4.2200,0.7395,0.7395
12.1200,4.2100,0.7315,0.7315
12.1200,4.2000,0.7335,0.7335
12.1200,4.1900,0.7354,0.7354
12.1200,4.1800,0.7374,0.7374
12.1100,4.1700,0.7294,0.7294
12.1100,4.1600,0.7313,0.7313
12.1100,4.1500,0.7333,0.7333
12.1100,4.1400,0.7353,0.7353
12.1000,4.1300,0.7273,0.7273
12.1000,4.1200,0.7292,0.7292
12.1000,4.1100,0.7312,0.7312
12.1000,4.1000,0.7332,0.7332
12.0900,4.0900,0.7251,0.7251
12.0900,4.0800,0.7271,0.7271
12.0800,4.0700,0.7191,0.7191
12.0800,4.0600,0.7210,0.7210
12.0800,4.0500,0.7230,0.7230
12.0800,4.0400,0.7250,0.7250
12.0700,4.0300,0.7171,0.7171
12.0700,4.0200,0.7191,0.7191
12.0600,4.0100,0.7110,0.7110
12.0600,4.0000,0.7130,0.7130
12.0600,3.9900,0.7170,0.7170
12.0500,3.9800,0.7110,0.7110
12.0500,3.9700,0.7130,0.7130
12.0400,3.9600,0.7090,0.7090
12.0400,3.9500,0.7110,0.7110
12.0400,3.9400,0.7130,0.7130
12.0300,3.9300,0.7090,0.7090
12.0300,3.9200,0.7151,0.7151
12.0200,3.9100,0.7131,0.7131
12.0200,3.9000,0.7192,0.7192
12.0100,3.8900,0.7172,0.7172
12.0100,3.8800,0.7233,0.7233
12.0100,3.8700,0.7293,0.7293
12.0000,3.8600,0.7273,0.7273
12.0000,3.8500,0.7334,0.7334
11.9900,3.8400,0.7314,0.7314
11.9900,3.8300,0.7375,0.7375
11.9900,3.8200,0.7435,0.7435
11.9800,3.8100,0.7416,0.7416
11.9800,3.8000,0.7476,0.7476
11.9700,3.7900,0.7457,0.7457
11.9700,3.7800,0.7517,0.7517
11.9600,3.7700,0.7498,0.7498
11.9600,3.7600,0.7558,0.7558
11.9500,3.7500,0.7538,0.7538
11.9500,3.7400,0.7530,0.7530
11.9400,3.7300,0.7510,0.7510
11.9300,3.7200,0.7469,0.7469
11.9200,3.7100,0.7450,0.7450
11.9100,3.7000,0.7390,0.7390
11.9000,3.6900,0.7350,0.7350
11.8900,3.6900,0.7390,0.7390
11.8800,3.6800,0.7330,0.7330
11.8700,3.6700,0.7250,0.7250
11.8600,3.6700,0.7310,0.7310
11.8500,3.6600,0.7250,0.7250
11.8400,3.6600,0.7310,0.7310
11.8300,3.6500,0.7250,0.7250
11.8200,3.6500,0.7310,0.7310
11.8100,3.6400,0.7250,0.7250
11.8000,3.6400,0.7310,0.7310
11.7900,3.6300,0.7250,0.7250
11.7800,3.6300,0.7310,0.7310
11.7700,3.6300,0.7273,0.7273
11.7600,3.6300,0.7213,0.7213
11.7500,3.6200,0.7233,0.7233
11.7400,3.6200,0.7172,0.7172
11.7300,3.6200,0.7112,0.7112
11.7200,3.6200,0.7052,0.7052
11.7100,3.6100,0.7071,0.7071
11.7000,3.6100,0.7011,0.7011
11.6900,3.6100,0.6950,0.6950
11.6800,3.6100,0.6910,0.6910
11.6700,3.6100,0.6851,0.6851
11.6600,3.6000,0.6871,0.6871
11.6500,3.6000,0.6810,0.6810
11.6400,3.6000,0.6791,0.6791
11.6300,3.6000,0.6771,0.6771
11.6200,3.6000,0.6731,0.6731
11.6100,3.6000,0.6691,0.6691
11.6000,3.5900,0.6731,0.6731
11.5900,3.5900,0.6691,0.6691
11.5800,3.5900,0.6671,0.6671
11.5700,3.5900,0.6632,0.6632
11.5600,3.5900,0.6571,0.6571
11.5500,3.5800,0.6591,0.6591
11.5400,3.5800,0.6571,0.6571
11.5300,3.5800,0.6551,0.6551
11.5200,3.5800,0.6532,0.6532
11.5100,3.5800,0.6512,0.6512
11.5000,3.5700,0.6592,0.6592
11.4900,3.5700,0.6573,0.6573
11.4800,3.5700,0.6553,0.6553
11.4700,3.5700,0.6533,0.6533
11.4600,3.5700,0.6513,0.6513
11.4500,3.5700,0.6494,0.6494
11.4400,3.5700,0.6474,0.6474
11.4300,3.5600,0.6554,0.6554
11.4200,3.5600,0.6535,0.6535
11.4100,3.5600,0.6515,0.6515
11.4000,3.5600,0.6495,0.6495
11.3900,3.5600,0.6476,0.6476
11.3800,3.5600,0.6456,0.6456
11.3700,3.5600,0.6436,0.6436
11.3600,3.5700,0.6317,0.6317
11.3500,3.5700,0.6297,0.6297
11.3400,3.5700,0.6277,0.6277
11.3300,3.5700,0.6258,0.6258
11.3200,3.5700,0.6238,0.6238
11.3100,3.5800,0.6118,0.6118
11.3000,3.5800,0.6098,0.6098
11.2900,3.5800,0.6079,0.6079
11.2800,3.5800,0.6059,0.6059
11.2700,3.5900,0.5939,0.5939
11.2600,3.5900,0.5920,0.5920
11.2500,3.5900,0.5900,0.5900
11.2400,3.5900,0.5920,0.5920
11.2300,3.5900,0.5939,0.5939
11.2200,3.6000,0.5859,0.5859
11.2100,3.6000,0.5879,0.5879
11.2000,3.6000,0.5898,0.5898
11.1900,3.6100,0.5818,0.5818
11.1800,3.6100,0.5838,0.5838
11.1700,3.6100,0.5858,0.5858
11.1600,3.6100,0.5877,0.5877
11.1500,3.6200,0.5797,0.5797
11.1400,3.6200,0.5817,0.5817
11.1300,3.6200,0.5836,0.5836
11.1200,3.6300,0.5756,0.5756
11.1100,3.6300,0.5776,0.5776
11.1000,3.6300,0.5795,0.5795
11.0900,3.6300,0.5815,0.5815
11.0800,3.6400,0.5735,0.5735
11.0700,3.6400,0.5754,0.5754
11.0600,3.6400,0.5774,0.5774
11.0500,3.6400,0.5794,0.5794
11.0400,3.6500,0.5713,0.5713
11.0300,3.6500,0.5733,0.5733
11.0200,3.6500,0.5753,0.5753
11.0100,3.6600,0.5673,0.5673
11.0000,3.6600,0.5692,0.5692
10.9900,3.6600,0.5712,0.5712
10.9800,3.6700,0.5693,0.5693
10.9700,3.6700,0.5753,0.5753
10.9600,3.6700,0.5813,0.5813
10.9500,3.6800,0.5794,0.5794
10.9400,3.6800,0.5854,0.5854
10.9300,3.6800,0.5914,0.5914
10.9200,3.6900,0.5895,0.5895
10.9100,3.6900,0.5955,0.5955
10.9000,3.6900,0.6016,0.6016
10.8900,3.7000,0.5996,0.5996
10.8800,3.7000,0.6057,0.6057
10.8700,3.7000,0.6117,0.6117
10.8600,3.7100,0.6098,0.6098
10.8500,3.7100,0.6158,0.6158
10.8400,3.7100,0.6218,0.6218
10.8300,3.7200,0.6199,0.6199
10.8200,3.7200,0.6259,0.6259
10.8100,3.7200,0.6319,0.6319
10.8000,3.7300,0.6300,0.6300
10.7900,3.7300,0.6358,0.6358
10.7800,3.7400,0.6339,0.6339
10.7700,3.7500,0.6319,0.6319
10.7700,3.7600,0.6358,0.6358
10.7600,3.7700,0.6378,0.6378
10.7500,3.7800,0.6380,0.6380
10.7400,3.7900,0.6380,0.6380
10.7300,3.8000,0.6380,0.6380
10.7200,3.8100,0.6378,0.6378
10.7100,3.8200,0.6358,0.6358
10.7000,3.8300,0.6339,0.6339
10.6900,3.8400,0.6319,0.6319
10.6900,3.8500,0.6358,0.6358
10.6800,3.8600,0.6378,0.6378
10.6700,3.8700,0.6380,0.6380
10.6600,3.8800,0.6380,0.6380
10.6500,3.8900,0.6380,0.6380
10.6400,3.9000,0.6380,0.6380
10.6300,3.9100,0.6380,0.6380
10.6200,3.9200,0.6380,0.6380
10.6100,3.9300,0.6380,0.6380
10.6000,3.9400,0.6380,0.6380
10.5900,3.9500,0.6380,0.6380
10.5800,3.9600,0.6380,0.6380
10.5700,3.9700,0.6380,0.6380
10.5600,3.9800,0.6380,0.6380
10.5500,3.9900,0.6375,0.6375
10.5400,4.0000,0.6356,0.6356
10.5400,4.0100,0.6378,0.6378
10.5300,4.0200,0.6397,0.6397
10.5200,4.0300,0.6378,0.6378
10.5100,4.0400,0.6358,0.6358
10.5000,4.0500,0.6339,0.6339
10.4900,4.0600,0.6319,0.6319
10.4900,4.0700,0.6380,0.6380
10.4800,4.0800,0.6380,0.6380
10.4700,4.0900,0.6378,0.6378
10.4600,4.1000,0.6358,0.6358
10.4500,4.1100,0.6339,0.6339
10.4400,4.1200,0.6319,0.6319
10.4400,4.1300,0.6358,0.6358
10.4300,4.1400,0.6378,0.6378
10.4200,4.1500,0.6380,0.6380
10.4100,4.1600,0.6380,0.6380
10.4000,4.1700,0.6380,0.6380
10.3900,4.1800,0.6378,0.6378
10.3800,4.1900,0.6358,0.6358
10.3700,4.2000,0.6339,0.6339
10.3600,4.2000,0.6319,0.6319
10.3500,4.2100,0.6339,0.6339
10.3400,4.2200,0.6358,0.6358
10.3300,4.2300,0.6378,0.6378
10.3200,4.2400,0.6380,0.6380
10.3100,4.2400,0.6319,0.6319
10.3000,4.2500,0.6339,0.6339
10.2900,4.2600,0.6358,0.6358
10.2800,4.2700,0.6378,0.6378
10.2700,4.2800,0.6397,0.6397
10.2600,4.2900,0.6371,0.6371
10.2500,4.2900,0.6356,0.6356
10.2400,4.3000,0.6375,0.6375
10.2300,4.3100,0.6371,0.6371
10.2200,4.3100,0.6334,0.6334
10.2100,4.3200,0.6354,0.6354
10.2000,4.3300,0.6352,0.6352
10.1900,4.3400,0.6332,0.6332
10.1800,4.3400,0.6332,0.6332
10.1700,4.3500,0.6352,0.6352
10.1600,4.3600,0.6354,0.6354
10.1500,4.3700,0.6334,0.6334
10.1400,4.3700,0.6332,0.6332
10.1300,4.3800,0.6352,0.6352
10.1200,4.3900,0.6356,0.6356
10.1100,4.3900,0.6351,0.6351
10.1000,4.4000,0.6371,0.6371
10.0900,4.4000,0.6332,0.6332
10.0800,4.4100,0.6352,0.6352
10.0700,4.4100,0.6291,0.6291
10.0600,4.4200,0.6351,0.6351
10.0500,4.4200,0.6291,0.6291
10.0400,4.4300,0.6313,0.6313
10.0300,4.4300,0.6253,0.6253
10.0200,4.4300,0.6192,0.6192
10.0100,4.4400,0.6212,0.6212
10.0000,4.4400,0.6151,0.6151
9.9900,4.4400,0.6093,0.6093
9.9800,4.4500,0.6113,0.6113
9.9700,4.4500,0.6052,0.6052
9.9600,4.4500,0.5992,0.5992
9.9500,4.4600,0.6032,0.6032
9.9400,4.4600,0.5992,0.5992
9.9300,4.4600,0.5932,0.5932
9.9200,4.4700,0.5992,0.5992
9.9100,4.4700,0.5932,0.5932
9.9000,4.4700,0.5912,0.5912
9.8900,4.4800,0.5932,0.5932
9.8800,4.4800,0.5912,0.5912
9.8700,4.4800,0.5852,0.5852
9.8600,4.4900,0.5912,0.5912
9.8500,4.4900,0.5852,0.5852
9.8400,4.4900,0.5812,0.5812
9.8300,4.5000,0.5892,0.5892
9.8200,4.5000,0.5873,0.5873
9.8100,4.5000,0.5853,0.5853
9.8000,4.5100,0.5933,0.5933
9.7900,4.5100,0.5913,0.5913
9.7800,4.5100,0.5894,0.5894
9.7700,4.5100,0.5874,0.5874
9.7600,4.5200,0.5954,0.5954
9.7500,4.5200,0.5935,0.5935
9.7400,4.5200,0.5915,0.5915
9.7300,4.5300,0.5995,0.5995
9.7200,4.5300,0.5976,0.5976
9.7100,4.5300,0.5956,0.5956
9.7000,4.5300,0.5936,0.5936
9.6900,4.5400,0.6017,0.6017
9.6800,4.5400,0.5997,0.5997
9.6700,4.5400,0.5977,0.5977
9.6600,4.5400,0.5958,0.5958
9.6500,4.5500,0.6038,0.6038
9.6400,4.5500,0.6018,0.6018
9.6300,4.5500,0.5998,0.5998
9.6200,4.5500,0.5979,0.5979
9.6100,4.5600,0.6059,0.6059
9.6000,4.5600,0.6039,0.6039
9.5900,4.5600,0.6020,0.6020
9.5800,4.5600,0.6000,0.6000
9.5700,4.5600,0.6000,0.6000
9.5600,4.5600,0.6000,0.6000
9.5500,4.5600,0.6000,0.6000
9.5400,4.5600,0.6000,0.6000
9.5300,4.5600,0.6000,0.6000
9.5200,4.5600,0.6000,0.6000
9.5100,4.5600,0.6000,0.6000
9.5000,4.5600,0.6000,0.6000
9.4900,4.5600,0.6000,0.6000
9.4800,4.5600,0.6000,0.6000
9.4700,4.5600,0.6000,0.6000
9.4600,4.5500,0.5900,0.5900
9.4500,4.5500,0.5920,0.5920
9.4400,4.5500,0.5939,0.5939
9.4300,4.5500,0.5959,0.5959
9.4200,4.5500,0.5979,0.5979
9.4100,4.5500,0.5998,0.5998
9.4000,4.5500,0.6000,0.6000
9.3900,4.5400,0.5920,0.5920
9.3800,4.5400,0.5939,0.5939
9.3700,4.5400,0.5959,0.5959
9.3600,4.5400,0.5979,0.5979
9.3500,4.5400,0.5998,0.5998
9.3400,4.5400,0.6018,0.6018
9.3300,4.5400,0.6038,0.6038
9.3200,4.5300,0.5958,0.5958
9.3100,4.5300,0.5977,0.5977
9.3000,4.5300,0.5997,0.5997
9.2900,4.5300,0.6017,0.6017
9.2800,4.5300,0.6036,0.6036
9.2700,4.5300,0.6056,0.6056
9.2600,4.5300,0.6076,0.6076
9.2500,4.5200,0.5995,0.5995
9.2400,4.5200,0.6015,0.6015
9.2300,4.5200,0.6035,0.6035
9.2200,4.5200,0.6054,0.6054
9.2100,4.5200,0.6074,0.6074
9.2000,4.5200,0.6094,0.6094
9.1900,4.5100,0.6013,0.6013
9.1800,4.5100,0.6033,0.6033
9.1700,4.5100,0.6053,0.6053
9.1600,4.5100,0.6073,0.6073
9.1500,4.5100,0.6092,0.6092
9.1400,4.5000,0.6012,0.6012
9.1300,4.5000,0.6032,0.6032
9.1200,4.5000,0.6072,0.6072
9.1100,4.5000,0.6092,0.6092
9.1000,4.5000,0.6112,0.6112
9.0900,4.5000,0.6132,0.6132
9.0800,4.4900,0.6056,0.6056
9.0700,4.4900,0.6076,0.6076
9.0600,4.4900,0.6095,0.6095
9.0500,4.4900,0.6115,0.6115
9.0400,4.4900,0.6135,0.6135
9.0300,4.4800,0.6054,0.6054
9.0200,4.4800,0.6074,0.6074
9.0100,4.4800,0.6094,0.6094
9.0000,4.4800,0.6113,0.6113
8.9900,4.4800,0.6133,0.6133
8.9800,4.4800,0.6153,0.6153
8.9700,4.4700,0.6073,0.6073
8.9600,4.4700,0.6092,0.6092
8.9500,4.4700,0.6112,0.6112
8.9400,4.4700,0.6132,0.6132
8.9300,4.4600,0.6072,0.6072
8.9200,4.4600,0.6112,0.6112
8.9100,4.4600,0.6132,0.6132
8.9000,4.4600,0.6151,0.6151
8.8900,4.4500,0.6112,0.6112
8.8800,4.4500,0.6132,0.6132
8.8700,4.4400,0.6072,0.6072
8.8600,4.4400,0.6132,0.6132
8.8500,4.4300,0.6072,0.6072
8.8400,4.4300,0.6132,0.6132
8.8300,4.4300,0.6151,0.6151
8.8200,4.4200,0.6132,0.6132
8.8100,4.4200,0.6151,0.6151
8.8000,4.4100,0.6132,0.6132
8.7900,4.4100,0.6151,0.6151
8.7800,4.4100,0.6212,0.6212
8.7700,4.4000,0.6132,0.6132
8.7600,4.4000,0.6151,0.6151
8.7500,4.4000,0.6212,0.6212
8.7400,4.3900,0.6132,0.6132
8.7300,4.3900,0.6151,0.6151
8.7200,4.3900,0.6212,0.6212
8.7100,4.3800,0.6151,0.6151
8.7000,4.3800,0.6212,0.6212
8.6900,4.3700,0.6151,0.6151
8.6800,4.3700,0.6212,0.6212
8.6700,4.3600,0.6192,0.6192
8.6600,4.3600,0.6251,0.6251
8.6500,4.3500,0.6212,0.6212
8.6400,4.3400,0.6192,0.6192
8.6300,4.3400,0.6253,0.6253
8.6200,4.3300,0.6233,0.6233
8.6100,4.3200,0.6214,0.6214
8.6000,4.3200,0.6274,0.6274
8.5900,4.3100,0.6255,0.6255
8.5800,4.3100,0.6315,0.6315
8.5700,4.3000,0.6296,0.6296
8.5600,4.2900,0.6276,0.6276
8.5500,4.2900,0.6337,0.6337
8.5400,4.2900,0.6397,0.6397
8.5300,4.2800,0.6378,0.6378
8.5200,4.2700,0.6358,0.6358
8.5100,4.2600,0.6339,0.6339
8.5000,4.2600,0.6380,0.6380
8.4900,4.2500,0.6380,0.6380
8.4800,4.2400,0.6380,0.6380
8.4700,4.2300,0.6378,0.6378
8.4600,4.2200,0.6358,0.6358
8.4500,4.2100,0.6339,0.6339
8.4400,4.2100,0.6339,0.6339
8.4300,4.2000,0.6358,0.6358
8.4200,4.1900,0.6378,0.6378
8.4100,4.1800,0.6380,0.6380
8.4000,4.1700,0.6380,0.6380
8.3900,4.1600,0.6380,0.6380
8.3800,4.1500,0.6380,0.6380
8.3700,4.1400,0.6380,0.6380
8.3600,4.1300,0.6380,0.6380
8.3500,4.1200,0.6380,0.6380
8.3400,4.1100,0.6380,0.6380
8.3300,4.1000,0.6380,0.6380
8.3200,4.0900,0.6380,0.6380
8.3100,4.0800,0.6380,0.6380
8.3000,4.0700,0.6380,0.6380
8.2900,4.0600,0.6380,0.6380
8.2800,4.0500,0.6380,0.6380
8.2700,4.0400,0.6380,0.6380
8.2700,4.0300,0.6339,0.6339
8.2600,4.0200,0.6358,0.6358
8.2500,4.0100,0.6378,0.6378
8.2400,4.0000,0.6397,0.6397
8.2300,3.9900,0.6416,0.6416
8.2300,3.9800,0.6356,0.6356
8.2200,3.9700,0.6375,0.6375
8.2100,3.9600,0.6395,0.6395
8.2000,3.9500,0.6414,0.6414
8.1900,3.9400,0.6433,0.6433
8.1900,3.9300,0.6373,0.6373
8.1800,3.9200,0.6393,0.6393
8.1700,3.9100,0.6412,0.6412
8.1600,3.9000,0.6431,0.6431
8.1500,3.8900,0.6471,0.6471
8.1400,3.8900,0.6459,0.6459
8.1300,3.8800,0.6479,0.6479
8.1200,3.8800,0.6418,0.6418
8.1100,3.8800,0.6358,0.6358
8.1000,3.8700,0.6378,0.6378
8.0900,3.8700,0.6317,0.6317
8.0800,3.8700,0.6257,0.6257
8.0700,3.8600,0.6276,0.6276
8.0600,3.8600,0.6216,0.6216
8.0500,3.8600,0.6156,0.6156
8.0400,3.8600,0.6095,0.6095
8.0300,3.8500,0.6115,0.6115
8.0200,3.8500,0.6054,0.6054
8.0100,3.8500,0.5994,0.5994
8.0000,3.8500,0.5934,0.5934
7.9900,3.8400,0.5953,0.5953
7.9800,3.8400,0.5893,0.5893
7.9700,3.8400,0.5833,0.5833
7.9600,3.8300,0.5852,0.5852
7.9500,3.8300,0.5812,0.5812
7.9400,3.8300,0.5792,0.5792
7.9300,3.8200,0.5873,0.5873
7.9200,3.8200,0.5853,0.5853
7.9100,3.8200,0.5833,0.5833
7.9000,3.8100,0.5913,0.5913
7.8900,3.8100,0.5894,0.5894
7.8800,3.8100,0.5874,0.5874
7.8700,3.8000,0.5954,0.5954
7.8600,3.8000,0.5935,0.5935
7.8500,3.8000,0.5915,0.5915
7.8400,3.7900,0.5995,0.5995
7.8300,3.7900,0.5976,0.5976
7.8200,3.7900,0.5956,0.5956
7.8100,3.7800,0.6036,0.6036
7.8000,3.7800,0.6017,0.6017
7.7900,3.7800,0.5997,0.5997
7.7800,3.7800,0.5977,0.5977
7.7700,3.7700,0.6058,0.6058
7.7600,3.7700,0.6038,0.6038
7.7500,3.7700,0.6018,0.6018
7.7400,3.7600,0.6098,0.6098
7.7300,3.7600,0.6079,0.6079
7.7200,3.7600,0.6059,0.6059
7.7100,3.7600,0.6039,0.6039
7.7000,3.7600,0.6020,0.6020
7.6900,3.7500,0.6100,0.6100
7.6800,3.7500,0.6100,0.6100
7.6700,3.7500,0.6100,0.6100
7.6600,3.7500,0.6100,0.6100
7.6500,3.7400,0.6200,0.6200
7.6400,3.7400,0.6220,0.6220
7.6300,3.7400,0.6239,0.6239
7.6200,3.7400,0.6259,0.6259
7.6200,3.7300,0.6359,0.6359
7.6200,3.7200,0.6459,0.6459
7.6100,3.7100,0.6579,0.6579
7.6100,3.7000,0.6679,0.6679
7.6100,3.7400,0.6279,0.6279
7.6000,3.7500,0.6198,0.6198
7.5900,3.7500,0.6218,0.6218
7.5800,3.7500,0.6238,0.6238
7.5700,3.7500,0.6258,0.6258
7.5600,3.7500,0.6277,0.6277
7.5500,3.7600,0.6197,0.6197
7.5400,3.7600,0.6217,0.6217
7.5300,3.7600,0.6236,0.6236
7.5200,3.7600,0.6256,0.6256
7.5100,3.7600,0.6276,0.6276
7.5000,3.7600,0.6295,0.6295
7.4900,3.7600,0.6315,0.6315
7.4800,3.7700,0.6235,0.6235
7.4700,3.7700,0.6254,0.6254
7.4600,3.7700,0.6274,0.6274
7.4500,3.7700,0.6294,0.6294
7.4400,3.7700,0.6313,0.6313
7.4300,3.7800,0.6233,0.6233
7.4200,3.7800,0.6253,0.6253
7.4100,3.7800,0.6273,0.6273
7.4000,3.7800,0.6292,0.6292
7.3900,3.7900,0.6212,0.6212
7.3800,3.7900,0.6232,0.6232
7.3700,3.7900,0.6251,0.6251
7.3600,3.7900,0.6291,0.6291
7.3500,3.7900,0.6352,0.6352
7.3400,3.8000,0.6332,0.6332
7.3300,3.8000,0.6371,0.6371
7.3200,3.8000,0.6431,0.6431
7.3100,3.8100,0.6412,0.6412
7.3000,3.8100,0.6472,0.6472
7.2900,3.8100,0.6533,0.6533
7.2800,3.8100,0.6591,0.6591
7.2700,3.8200,0.6571,0.6571
7.2600,3.8200,0.6632,0.6632
7.2500,3.8200,0.6692,0.6692
7.2400,3.8300,0.6673,0.6673
7.2300,3.8300,0.6733,0.6733
7.2200,3.8300,0.6793,0.6793
7.2100,3.8400,0.6774,0.6774
7.2000,3.8400,0.6834,0.6834
7.1900,3.8400,0.6894,0.6894
7.1800,3.8500,0.6875,0.6875
7.1700,3.8500,0.6810,0.6810
7.1600,3.8500,0.6731,0.6731
7.1500,3.8600,0.6671,0.6671
7.1400,3.8700,0.6591,0.6591
7.1300,3.8800,0.6571,0.6571
7.1200,3.8900,0.6511,0.6511
7.1100,3.9000,0.6492,0.6492
7.1000,3.9100,0.6472,0.6472
7.0900,3.9200,0.6453,0.6453
7.0900,3.9300,0.6513,0.6513
7.0800,3.9400,0.6494,0.6494
7.0700,3.9500,0.6474,0.6474
7.0700,3.9600,0.6535,0.6535
7.0600,3.9700,0.6515,0.6515
7.0500,3.9800,0.6496,0.6496
7.0500,3.9900,0.6556,0.6556
7.0400,4.0000,0.6537,0.6537
7.0400,4.0100,0.6597,0.6597
7.0400,4.0200,0.6655,0.6655
7.0300,4.0300,0.6638,0.6638
7.0300,4.0400,0.6614,0.6614
7.0300,4.0500,0.6554,0.6554
7.0200,4.0600,0.6573,0.6573
7.0200,4.0700,0.6513,0.6513
7.0100,4.0800,0.6533,0.6533
7.0100,4.0900,0.6472,0.6472
7.0000,4.1000,0.6492,0.6492
6.9900,4.1100,0.6511,0.6511
6.9800,4.1200,0.6552,0.6552
6.9800,4.1300,0.6492,0.6492
6.9700,4.1400,0.6511,0.6511
6.9700,4.1500,0.6471,0.6471
6.9600,4.1600,0.6492,0.6492
6.9600,4.1700,0.6431,0.6431
6.9500,4.1800,0.6471,0.6471
6.9400,4.1900,0.6511,0.6511
6.9400,4.2000,0.6471,0.6471
6.9300,4.2100,0.6551,0.6551
6.9300,4.2200,0.6511,0.6511
6.9200,4.2300,0.6571,0.6571
6.9200,4.2400,0.6511,0.6511
6.9200,4.2500,0.6471,0.6471
6.9100,4.2600,0.6511,0.6511
6.9100,4.2700,0.6471,0.6471
6.9100,4.2800,0.6451,0.6451
6.9000,4.2900,0.6492,0.6492
6.9000,4.3000,0.6431,0.6431
6.9000,4.3100,0.6371,0.6371
6.8900,4.3200,0.6451,0.6451
6.8900,4.3300,0.6432,0.6432
6.8900,4.3400,0.6412,0.6412
6.8900,4.3500,0.6371,0.6371
6.8800,4.3600,0.6451,0.6451
6.8800,4.3700,0.6431,0.6431
6.8800,4.3800,0.6371,0.6371
6.8800,4.3900,0.6351,0.6351
6.8700,4.4000,0.6371,0.6371
6.8700,4.4100,0.6351,0.6351
6.8700,4.4200,0.6332,0.6332
6.8700,4.4300,0.6291,0.6291
6.8600,4.4400,0.6351,0.6351
6.8600,4.4500,0.6332,0.6332
6.8600,4.4600,0.6312,0.6312
6.8600,4.4700,0.6292,0.6292
6.8600,4.4800,0.6273,0.6273
6.8500,4.4900,0.6353,0.6353
6.8500,4.5000,0.6333,0.6333
6.8500,4.5100,0.6313,0.6313
6.8500,4.5200,0.6294,0.6294
6.8500,4.5300,0.6274,0.6274
6.8500,4.5400,0.6254,0.6254
6.8400,4.5500,0.6335,0.6335
6.8400,4.5600,0.6315,0.6315
6.8400,4.5700,0.6295,0.6295
6.8400,4.5800,0.6276,0.6276
6.8400,4.5900,0.6256,0.6256
6.8300,4.6000,0.6336,0.6336
6.8300,4.6100,0.6317,0.6317
6.8300,4.6200,0.6297,0.6297
6.8300,4.6300,0.6277,0.6277
6.8300,4.6400,0.6258,0.6258
6.8200,4.6500,0.6338,0.6338
6.8200,4.6600,0.6318,0.6318
6.8200,4.6700,0.6298,0.6298
6.8200,4.6800,0.6279,0.6279
6.8200,4.6900,0.6259,0.6259
6.8200,4.7000,0.6239,0.6239
6.8200,4.7100,0.6220,0.6220
6.8100,4.7200,0.6300,0.6300
6.8100,4.7300,0.6300,0.6300
6.8100,4.7400,0.6300,0.6300
6.8100,4.7500,0.6300,0.6300
6.8100,4.7600,0.6300,0.6300
6.8100,4.7700,0.6300,0.6300
6.8100,4.7800,0.6300,0.6300
6.8100,4.7900,0.6300,0.6300
6.8100,4.8000,0.6300,0.6300
6.8100,4.8100,0.6300,0.6300
6.8100,4.8200,0.6300,0.6300
6.8100,4.8300,0.6300,0.6300
6.8100,4.8400,0.6300,0.6300
6.8100,4.8500,0.6300,0.6300
6.8100,4.8600,0.6300,0.6300
6.8200,4.8700,0.6200,0.6200
6.8200,4.8800,0.6200,0.6200
6.8200,4.8900,0.6200,0.6200
6.8200,4.9000,0.6200,0.6200
6.8200,4.9100,0.6200,0.6200
6.8200,4.9200,0.6200,0.6200
6.8200,4.9300,0.6200,0.6200
6.8200,4.9400,0.6220,0.6220
6.8200,4.9500,0.6239,0.6239
6.8200,4.9600,0.6259,0.6259
6.8300,4.9700,0.6179,0.6179
6.8300,4.9800,0.6198,0.6198
6.8300,4.9900,0.6200,0.6200
6.8300,5.0000,0.6200,0.6200
6.8300,5.0100,0.6200,0.6200
6.8300,5.0200,0.6220,0.6220
6.8300,5.0300,0.6239,0.6239
6.8400,5.0400,0.6159,0.6159
6.8400,5.0500,0.6179,0.6179
6.8400,5.0600,0.6198,0.6198
6.8400,5.0700,0.6218,0.6218
6.8400,5.0800,0.6238,0.6238
6.8400,5.0900,0.6258,0.6258
6.8500,5.1000,0.6177,0.6177
6.8500,5.1100,0.6197,0.6197
6.8500,5.1200,0.6217,0.6217
6.8500,5.1300,0.6236,0.6236
6.8500,5.1400,0.6256,0.6256
6.8600,5.1500,0.6176,0.6176
6.8600,5.1600,0.6195,0.6195
6.8600,5.1700,0.6215,0.6215
6.8600,5.1800,0.6235,0.6235
6.8700,5.1900,0.6154,0.6154
6.8700,5.2000,0.6174,0.6174
6.8700,5.2100,0.6194,0.6194
6.8700,5.2200,0.6213,0.6213
6.8800,5.2300,0.6133,0.6133
6.8800,5.2400,0.6153,0.6153
6.8800,5.2500,0.6173,0.6173
6.8800,5.2600,0.6192,0.6192
6.8900,5.2700,0.6112,0.6112
6.8900,5.2800,0.6132,0.6132
6.8900,5.2900,0.6151,0.6151
6.8900,5.3000,0.6192,0.6192
6.9000,5.3100,0.6112,0.6112
6.9000,5.3200,0.6132,0.6132
6.9000,5.3300,0.6151,0.6151
6.9000,5.3400,0.6212,0.6212
6.9000,5.3500,0.6272,0.6272
6.9100,5.3600,0.6251,0.6251
6.9100,5.3700,0.6291,0.6291
6.9100,5.3800,0.6352,0.6352
6.9200,5.3900,0.6332,0.6332
6.9200,5.4000,0.6371,0.6371
6.9200,5.4100,0.6431,0.6431
6.9200,5.4200,0.6492,0.6492
6.9300,5.4300,0.6451,0.6451
6.9300,5.4400,0.6471,0.6471
6.9400,5.4500,0.6431,0.6431
6.9400,5.4600,0.6471,0.6471
6.9400,5.4700,0.6511,0.6511
6.9400,5.4800,0.6571,0.6571
6.9500,5.4900,0.6552,0.6552
6.9500,5.5000,0.6612,0.6612
6.9600,5.5100,0.6593,0.6593
6.9600,5.5200,0.6653,0.6653
6.9600,5.5300,0.6711,0.6711
6.9700,5.5400,0.6694,0.6694
6.9800,5.5500,0.6675,0.6675
6.9900,5.5600,0.6655,0.6655
7.0000,5.5700,0.6636,0.6636
7.0000,5.5800,0.6696,0.6696
7.0100,5.5900,0.6677,0.6677
7.0200,5.6000,0.6658,0.6658
7.0200,5.6100,0.6718,0.6718
7.0300,5.6200,0.6698,0.6698
7.0300,5.6300,0.6711,0.6711
7.0400,5.6400,0.6731,0.6731
7.0500,5.6500,0.6720,0.6720
7.0500,5.6600,0.6716,0.6716
7.0600,5.6700,0.6720,0.6720
7.0700,5.6800,0.6720,0.6720
7.0800,5.6900,0.6739,0.6739
7.0900,5.7000,0.6759,0.6759
7.1000,5.7100,0.6759,0.6759
7.1100,5.7200,0.6739,0.6739
7.1100,5.7300,0.6737,0.6737
7.1200,5.7400,0.6757,0.6757
7.1300,5.7500,0.6776,0.6776
7.1400,5.7600,0.6795,0.6795
7.1500,5.7700,0.6800,0.6800
7.1600,5.7800,0.6800,0.6800
7.1700,5.7800,0.6778,0.6778
7.1800,5.7900,0.6798,0.6798
7.1900,5.8000,0.6800,0.6800
7.2000,5.8100,0.6819,0.6819
7.2100,5.8200,0.6817,0.6817
7.2200,5.8200,0.6778,0.6778
7.2300,5.8300,0.6798,0.6798
7.2400,5.8300,0.6737,0.6737
7.2500,5.8400,0.6757,0.6757
7.2600,5.8500,0.6776,0.6776
7.2700,5.8500,0.6716,0.6716
7.2800,5.8600,0.6735,0.6735
7.2900,5.8700,0.6754,0.6754
7.3000,5.8800,0.6774,0.6774
7.3100,5.8900,0.6793,0.6793
7.3200,5.8900,0.6733,0.6733
7.3300,5.9000,0.6752,0.6752
7.3400,5.9100,0.6772,0.6772
7.3500,5.9100,0.6711,0.6711
7.3600,5.9200,0.6731,0.6731
7.3700,5.9200,0.6691,0.6691
7.3800,5.9300,0.6711,0.6711
7.3900,5.9300,0.6651,0.6651
7.4000,5.9400,0.6691,0.6691
7.4100,5.9500,0.6731,0.6731
7.4200,5.9500,0.6691,0.6691
7.4300,5.9600,0.6771,0.6771
7.4400,5.9600,0.6711,0.6711
7.4500,5.9700,0.6731,0.6731
7.4600,5.9800,0.6772,0.6772
