-0.9132,-1.8315,0.5500,0.5500
-0.9132,-1.8415,0.5500,0.5500
-0.9132,-1.8515,0.5500,0.5500
-0.9132,-1.8615,0.5500,0.5500
-0.9132,-1.8715,0.5500,0.5500
-0.9132,-1.8815,0.5500,0.5500
-0.9132,-1.8915,0.5500,0.5500
-0.9132,-1.9015,0.5500,0.5500
-0.9132,-1.9115,0.5500,0.5500
-0.9132,-1.9215,0.5500,0.5500
-0.9132,-1.9315,0.5500,0.5500
-0.9132,-1.9415,0.5500,0.5500
-0.9132,-1.9515,0.5500,0.5500
-0.9132,-1.9615,0.5500,0.5500
-0.9132,-1.9715,0.5500,0.5500
-0.9132,-1.9815,0.5500,0.5500
-0.9132,-1.9915,0.5500,0.5500
-0.9132,-2.0015,0.5500,0.5500
-0.9132,-2.0115,0.5500,0.5500
-0.9132,-2.0215,0.5500,0.5500
-0.9132,-2.0315,0.5500,0.5500
-0.9132,-2.0415,0.5500,0.5500
-0.9132,-2.0515,0.5500,0.5500
-0.9132,-2.0615,0.5500,0.5500
-0.9132,-2.0715,0.5500,0.5500
-0.9132,-2.0815,0.5500,0.5500
-0.9132,-2.0915,0.5500,0.5500
-0.9132,-2.1015,0.5500,0.5500
-0.9132,-2.1115,0.5500,0.5500
-0.9132,-2.1215,0.5500,0.5500
-0.9132,-2.1315,0.5500,0.5500
-0.9132,-2.1415,0.5500,0.5500
-0.9132,-2.1515,0.5500,0.5500
-0.9132,-2.1615,0.5500,0.5500
-0.9132,-2.1715,0.5500,0.5500
-0.9132,-2.1815,0.5500,0.5500
-0.9132,-2.1915,0.5500,0.5500
-0.9132,-2.2015,0.5500,0.5500
-0.9132,-2.2115,0.5500,0.5500
-0.9132,-2.2215,0.5500,0.5500
-0.9132,-2.2315,0.5500,0.5500
-0.9132,-2.2415,0.5500,0.5500
-0.9132,-2.2515,0.5500,0.5500
-0.9132,-2.2615,0.5500,0.5500
-0.9132,-2.2715,0.5500,0.5500
-0.9132,-2.2815,0.5500,0.5500
-0.9132,-2.2915,0.5500,0.5500
-0.9132,-2.3015,0.5500,0.5500
-0.9132,-2.3115,0.5500,0.5500
-0.9132,-2.3215,0.5500,0.5500
-0.9132,-2.3315,0.5500,0.5500
-0.9132,-2.3415,0.5500,0.5500
-0.9132,-2.3515,0.5500,0.5500
-0.9132,-2.3615,0.5500,0.5500
-0.9032,-2.3715,0.5500,0.5500
-0.9032,-2.3815,0.5500,0.5500
-0.9032,-2.3915,0.5500,0.5500
-0.9032,-2.4015,0.5500,0.5500
-0.9032,-2.4115,0.5500,0.5500
-0.9032,-2.4215,0.5500,0.5500
-0.8932,-2.4315,0.5500,0.5500
-0.8932,-2.4415,0.5500,0.5500
-0.8932,-2.4515,0.5500,0.5500
-0.8932,-2.4615,0.5500,0.5500
-0.8932,-2.4715,0.5500,0.5500
-0.8932,-2.4815,0.5500,0.5500
-0.8932,-2.4915,0.5500,0.5500
-0.8932,-2.5015,0.5500,0.5500
-0.8932,-2.5115,0.5500,0.5500
-0.8932,-2.5215,0.5500,0.5500
-0.8832,-2.5315,0.5500,0.5500
-0.8832,-2.5415,0.5500,0.5500
-0.8832,-2.5515,0.5500,0.5500
-0.8832,-2.5615,0.5500,0.5500
-0.8832,-2.5715,0.5500,0.5500
-0.8832,-2.5815,0.5500,0.5500
-0.8832,-2.5915,0.5500,0.5500
-0.8732,-2.6015,0.5500,0.5500
-0.8732,-2.6115,0.5500,0.5500
-0.8732,-2.6215,0.5500,0.5500
-0.8732,-2.6315,0.5500,0.5500
-0.8732,-2.6415,0.5500,0.5500
-0.8732,-2.6515,0.5500,0.5500
-0.8732,-2.6615,0.5500,0.5500
-0.8632,-2.6715,0.5500,0.5500
-0.8632,-2.6815,0.5500,0.5500
-0.8632,-2.6915,0.5500,0.5500
-0.8632,-2.7015,0.5500,0.5500
-0.8632,-2.7115,0.5500,0.5500
-0.8632,-2.7215,0.5500,0.5500
-0.8532,-2.7315,0.5500,0.5500
-0.8532,-2.7415,0.5500,0.5500
-0.8532,-2.7515,0.5500,0.5500
-0.8532,-2.7615,0.5500,0.5500
-0.8532,-2.7715,0.5500,0.5500
-0.8532,-2.7815,0.5500,0.5500
-0.8432,-2.7915,0.5500,0.5500
-0.8432,-2.8015,0.5500,0.5500
-0.8432,-2.8115,0.5500,0.5500
-0.8432,-2.8215,0.5500,0.5500
-0.8432,-2.8315,0.5500,0.5500
-0.8332,-2.8415,0.5500,0.5500
-0.8332,-2.8515,0.5500,0.5500
-0.8332,-2.8615,0.5500,0.5500
-0.8332,-2.8715,0.5500,0.5500
-0.8232,-2.8815,0.5500,0.5500
-0.8232,-2.8915,0.5500,0.5500
-0.8132,-2.9015,0.5500,0.5500
-0.8132,-2.9115,0.5500,0.5500
-0.8132,-2.9215,0.5500,0.5500
-0.8132,-2.9315,0.5500,0.5500
-0.8132,-2.9415,0.5500,0.5500
-0.8032,-2.9515,0.5500,0.5500
-0.8032,-2.9615,0.5500,0.5500
-0.8032,-2.9715,0.5500,0.5500
-0.8032,-2.9815,0.5500,0.5500
-0.7932,-2.9915,0.5500,0.5500
-0.7932,-3.0015,0.5500,0.5500
-0.7932,-3.0115,0.5500,0.5500
-0.7932,-3.0215,0.5500,0.5500
-0.7832,-3.0315,0.5500,0.5500
-0.7832,-3.0415,0.5500,0.5500
-0.7832,-3.0515,0.5500,0.5500
-0.7832,-3.0615,0.5500,0.5500
-0.7732,-3.0715,0.5500,0.5500
-0.7732,-3.0815,0.5500,0.5500
-0.7732,-3.0915,0.5500,0.5500
-0.7632,-3.1015,0.5500,0.5500
-0.7632,-3.1115,0.5500,0.5500
-0.7632,-3.1215,0.5500,0.5500
-0.7632,-3.1315,0.5500,0.5500
-0.7532,-3.1415,0.5500,0.5500
-0.7532,-3.1515,0.5500,0.5500
-0.7432,-3.1615,0.5500,0.5500
-0.7432,-3.1715,0.5500,0.5500
-0.7432,-3.1815,0.5500,0.5500
-0.7332,-3.1915,0.5500,0.5500
-0.7232,-3.2015,0.5500,0.5500
-0.7132,-3.2115,0.5500,0.5500
-0.7132,-3.2215,0.5500,0.5500
-0.7032,-3.2315,0.5500,0.5500
-0.6932,-3.2415,0.5500,0.5500
-0.6832,-3.2515,0.5500,0.5500
-0.6732,-3.2615,0.5500,0.5500
-0.6732,-3.2715,0.5500,0.5500
-0.6632,-3.2815,0.5500,0.5500
-0.6532,-3.2915,0.5500,0.5500
-0.6432,-3.3015,0.5500,0.5500
-0.6332,-3.3015,0.5500,0.5500
-0.6232,-3.3115,0.5500,0.5500
-0.6132,-3.3215,0.5500,0.5500
-0.6032,-3.3315,0.5500,0.5500
-0.5932,-3.3415,0.5500,0.5500
-0.5832,-3.3515,0.5500,0.5500
-0.5732,-3.3615,0.5500,0.5500
-0.5632,-3.3715,0.5500,0.5500
-0.5532,-3.3715,0.5500,0.5500
-0.5432,-3.3815,0.5500,0.5500
-0.5332,-3.3915,0.5500,0.5500
-0.5232,-3.3915,0.5500,0.5500
-0.5132,-3.4015,0.5500,0.5500
-0.5032,-3.4115,0.5500,0.5500
-0.4932,-3.4115,0.5500,0.5500
-0.4832,-3.4215,0.5500,0.5500
-0.4732,-3.4315,0.5500,0.5500
-0.4632,-3.4315,0.5500,0.5500
-0.4532,-3.4415,0.5500,0.5500
-0.4432,-3.4515,0.5500,0.5500
-0.4332,-3.4515,0.5500,0.5500
-0.4232,-3.4515,0.5500,0.5500
-0.4132,-3.4615,0.5500,0.5500
-0.4032,-3.4715,0.5500,0.5500
-0.3932,-3.4715,0.5500,0.5500
-0.3832,-3.4815,0.5500,0.5500
-0.3732,-3.4815,0.5500,0.5500
-0.3632,-3.4915,0.5500,0.5500
-0.3532,-3.4915,0.5500,0.5500
-0.3432,-3.5015,0.5500,0.5500
-0.3332,-3.5015,0.5500,0.5500
-0.3232,-3.5015,0.5500,0.5500
-0.3132,-3.5115,0.5500,0.5500
-0.3032,-3.5115,0.5500,0.5500
-0.2932,-3.5215,0.5500,0.5500
-0.2832,-3.5215,0.5500,0.5500
-0.2732,-3.5215,0.5500,0.5500
-0.2632,-3.5315,0.5500,0.5500
-0.2532,-3.5315,0.5500,0.5500
-0.2432,-3.5415,0.5500,0.5500
-0.2332,-3.5415,0.5500,0.5500
-0.2232,-3.5415,0.5500,0.5500
-0.2132,-3.5415,0.5500,0.5500
-0.2032,-3.5515,0.5500,0.5500
-0.1932,-3.5515,0.5500,0.5500
-0.1832,-3.5515,0.5500,0.5500
-0.1732,-3.5615,0.5500,0.5500
-0.1632,-3.5615,0.5500,0.5500
-0.1532,-3.5615,0.5500,0.5500
-0.1432,-3.5615,0.5500,0.5500
-0.1332,-3.5615,0.5500,0.5500
-0.1232,-3.5715,0.5500,0.5500
-0.1132,-3.5715,0.5500,0.5500
-0.1032,-3.5715,0.5500,0.5500
-0.0932,-3.5715,0.5500,0.5500
-0.0832,-3.5715,0.5500,0.5500
-0.0732,-3.5815,0.5500,0.5500
-0.0632,-3.5815,0.5500,0.5500
-0.0532,-3.5815,0.5500,0.5500
-0.0432,-3.5815,0.5500,0.5500
-0.0332,-3.5815,0.5500,0.5500
-0.0232,-3.5915,0.5500,0.5500
-0.0132,-3.5915,0.5500,0.5500
-0.0032,-3.5915,0.5500,0.5500
0.0068,-3.5915,0.5500,0.5500
0.0168,-3.5915,0.5500,0.5500
0.0268,-3.5915,0.5500,0.5500
0.0368,-3.6015,0.5500,0.5500
0.0468,-3.6015,0.5500,0.5500
0.0568,-3.6015,0.5500,0.5500
0.0668,-3.6015,0.5500,0.5500
0.0768,-3.6015,0.5500,0.5500
0.0868,-3.6015,0.5500,0.5500
0.0968,-3.6115,0.5500,0.5500
0.1068,-3.6115,0.5500,0.5500
0.1168,-3.6115,0.5500,0.5500
0.1268,-3.6115,0.5500,0.5500
0.1368,-3.6115,0.5500,0.5500
0.1468,-3.6115,0.5500,0.5500
0.1568,-3.6115,0.5500,0.5500
0.1668,-3.6215,0.5500,0.5500
0.1768,-3.6215,0.5500,0.5500
0.1868,-3.6215,0.5500,0.5500
0.1968,-3.6215,0.5500,0.5500
0.2068,-3.6215,0.5500,0.5500
0.2168,-3.6215,0.5500,0.5500
0.2268,-3.6215,0.5500,0.5500
0.2368,-3.6315,0.5500,0.5500
0.2468,-3.6315,0.5500,0.5500
0.2568,-3.6315,0.5500,0.5500
0.2668,-3.6315,0.5500,0.5500
0.2768,-3.6315,0.5500,0.5500
0.2868,-3.6315,0.5500,0.5500
0.2968,-3.6315,0.5500,0.5500
0.3068,-3.6315,0.5500,0.5500
0.3168,-3.6415,0.5500,0.5500
0.3268,-3.6415,0.5500,0.5500
0.3368,-3.6415,0.5500,0.5500
0.3468,-3.6415,0.5500,0.5500
0.3568,-3.6315,0.5500,0.5500
0.3668,-3.6315,0.5500,0.5500
0.3768,-3.6315,0.5500,0.5500
0.3868,-3.6315,0.5500,0.5500
0.3968,-3.6315,0.5500,0.5500
0.4068,-3.6315,0.5500,0.5500
0.4168,-3.6315,0.5500,0.5500
0.4268,-3.6215,0.5500,0.5500
0.4368,-3.6215,0.5500,0.5500
0.4468,-3.6215,0.5500,0.5500
0.4568,-3.6215,0.5500,0.5500
0.4668,-3.6215,0.5500,0.5500
0.4768,-3.6215,0.5500,0.5500
0.4868,-3.6215,0.5500,0.5500
0.4968,-3.6115,0.5500,0.5500
0.5068,-3.6115,0.5500,0.5500
0.5168,-3.6115,0.5500,0.5500
0.5268,-3.6115,0.5500,0.5500
0.5368,-3.6115,0.5500,0.5500
0.5468,-3.6115,0.5500,0.5500
0.5568,-3.6015,0.5500,0.5500
0.5668,-3.6015,0.5500,0.5500
0.5768,-3.6015,0.5500,0.5500
0.5868,-3.6015,0.5500,0.5500
0.5968,-3.6015,0.5500,0.5500
0.6068,-3.6015,0.5500,0.5500
0.6168,-3.5915,0.5500,0.5500
0.6268,-3.5915,0.5500,0.5500
0.6368,-3.5915,0.5500,0.5500
0.6468,-3.5915,0.5500,0.5500
0.6568,-3.5915,0.5500,0.5500
0.6668,-3.5815,0.5500,0.5500
0.6768,-3.5815,0.5500,0.5500
0.6868,-3.5815,0.5500,0.5500
0.6968,-3.5815,0.5500,0.5500
0.7068,-3.5815,0.5500,0.5500
0.7168,-3.5715,0.5500,0.5500
0.7268,-3.5715,0.5500,0.5500
0.7368,-3.5715,0.5500,0.5500
0.7468,-3.5715,0.5500,0.5500
0.7568,-3.5715,0.5500,0.5500
0.7668,-3.5615,0.5500,0.5500
0.7768,-3.5615,0.5500,0.5500
0.7868,-3.5615,0.5500,0.5500
0.7968,-3.5615,0.5500,0.5500
0.8068,-3.5615,0.5500,0.5500
0.8168,-3.5515,0.5500,0.5500
0.8268,-3.5515,0.5500,0.5500
0.8368,-3.5515,0.5500,0.5500
0.8468,-3.5515,0.5500,0.5500
0.8568,-3.5415,0.5500,0.5500
0.8668,-3.5415,0.5500,0.5500
0.8768,-3.5315,0.5500,0.5500
0.8868,-3.5315,0.5500,0.5500
0.8968,-3.5315,0.5500,0.5500
0.9068,-3.5215,0.5500,0.5500
0.9168,-3.5215,0.5500,0.5500
0.9268,-3.5115,0.5500,0.5500
0.9368,-3.5115,0.5500,0.5500
0.9468,-3.5115,0.5500,0.5500
0.9568,-3.5015,0.5500,0.5500
0.9668,-3.5015,0.5500,0.5500
0.9768,-3.4915,0.5500,0.5500
0.9868,-3.4915,0.5500,0.5500
0.9968,-3.4815,0.5500,0.5500
1.0068,-3.4815,0.5500,0.5500
1.0168,-3.4715,0.5500,0.5500
1.0268,-3.4715,0.5500,0.5500
1.0368,-3.4615,0.5500,0.5500
1.0468,-3.4615,0.5500,0.5500
1.0568,-3.4515,0.5500,0.5500
1.0668,-3.4415,0.5500,0.5500
1.0768,-3.4415,0.5500,0.5500
1.0868,-3.4315,0.5500,0.5500
1.0968,-3.4215,0.5500,0.5500
1.1068,-3.4115,0.5500,0.5500
1.1168,-3.4115,0.5500,0.5500
1.1268,-3.4015,0.5500,0.5500
1.1368,-3.3915,0.5500,0.5500
1.1468,-3.3915,0.5500,0.5500
1.1568,-3.3815,0.5500,0.5500
1.1668,-3.3715,0.5500,0.5500
1.1768,-3.3615,0.5500,0.5500
1.1868,-3.3515,0.5500,0.5500
1.1968,-3.3415,0.5500,0.5500
1.2068,-3.3315,0.5500,0.5500
1.2168,-3.3215,0.5500,0.5500
1.2268,-3.3115,0.5500,0.5500
1.2368,-3.3015,0.5500,0.5500
1.2468,-3.2915,0.5500,0.5500
1.2568,-3.2815,0.5500,0.5500
1.2668,-3.2715,0.5500,0.5500
1.2768,-3.2615,0.5500,0.5500
1.2768,-3.2515,0.5500,0.5500
1.2868,-3.2415,0.5500,0.5500
1.2968,-3.2315,0.5500,0.5500
1.3068,-3.2215,0.5500,0.5500
1.3068,-3.2115,0.5500,0.5500
1.3168,-3.2015,0.5500,0.5500
1.3268,-3.1915,0.5500,0.5500
1.3268,-3.1815,0.5500,0.5500
1.3368,-3.1715,0.5500,0.5500
1.3468,-3.1615,0.5500,0.5500
1.3468,-3.1515,0.5500,0.5500
1.3568,-3.1415,0.5500,0.5500
1.3568,-3.1315,0.5500,0.5500
1.3668,-3.1215,0.5500,0.5500
1.3768,-3.1115,0.5500,0.5500
1.3768,-3.1015,0.5500,0.5500
1.3868,-3.0915,0.5500,0.5500
1.3868,-3.0815,0.5500,0.5500
1.3968,-3.0715,0.5500,0.5500
1.3968,-3.0615,0.5500,0.5500
1.4068,-3.0515,0.5500,0.5500
1.4068,-3.0415,0.5500,0.5500
1.4168,-3.0315,0.5500,0.5500
1.4168,-3.0215,0.5500,0.5500
1.4268,-3.0115,0.5500,0.5500
1.4268,-3.0015,0.5500,0.5500
1.4268,-2.9915,0.5500,0.5500
1.4368,-2.9815,0.5500,0.5500
1.4368,-2.9715,0.5500,0.5500
1.4468,-2.9615,0.5500,0.5500
1.4468,-2.9515,0.5500,0.5500
1.4468,-2.9415,0.5500,0.5500
1.4568,-2.9315,0.5500,0.5500
1.4568,-2.9215,0.5500,0.5500
1.4568,-2.9115,0.5500,0.5500
1.4668,-2.9015,0.5500,0.5500
1.4668,-2.8915,0.5500,0.5500
1.4768,-2.8815,0.5500,0.5500
1.4768,-2.8715,0.5500,0.5500
1.4768,-2.8615,0.5500,0.5500
1.4768,-2.8515,0.5500,0.5500
1.4868,-2.8415,0.5500,0.5500
1.4868,-2.8315,0.5500,0.5500
1.4868,-2.8215,0.5500,0.5500
1.4968,-2.8115,0.5500,0.5500
1.4968,-2.8015,0.5500,0.5500
1.4968,-2.7915,0.5500,0.5500
1.4968,-2.7815,0.5500,0.5500
1.4968,-2.7715,0.5500,0.5500
1.5068,-2.7615,0.5500,0.5500
1.5068,-2.7515,0.5500,0.5500
1.5068,-2.7415,0.5500,0.5500
1.5068,-2.7315,0.5500,0.5500
1.5068,-2.7215,0.5500,0.5500
1.5068,-2.7115,0.5500,0.5500
1.5168,-2.7015,0.5500,0.5500
1.5168,-2.6915,0.5500,0.5500
1.5168,-2.6815,0.5500,0.5500
1.5168,-2.6715,0.5500,0.5500
1.5168,-2.6615,0.5500,0.5500
1.5168,-2.6515,0.5500,0.5500
1.5268,-2.6415,0.5500,0.5500
1.5268,-2.6315,0.5500,0.5500
1.5368,-2.6215,0.5500,0.5500
1.5368,-2.6115,0.5500,0.5500
1.5368,-2.6015,0.5500,0.5500
1.5368,-2.5915,0.5500,0.5500
1.5368,-2.5815,0.5500,0.5500
1.5368,-2.5715,0.5500,0.5500
1.5468,-2.5615,0.5500,0.5500
1.5468,-2.5515,0.5500,0.5500
1.5468,-2.5415,0.5500,0.5500
1.5468,-2.5315,0.5500,0.5500
1.5468,-2.5215,0.5500,0.5500
1.5468,-2.5115,0.5500,0.5500
1.5468,-2.5015,0.5500,0.5500
1.5568,-2.4915,0.5500,0.5500
1.5568,-2.4815,0.5500,0.5500
1.5568,-2.4715,0.5500,0.5500
1.5568,-2.4615,0.5500,0.5500
1.5568,-2.4515,0.5500,0.5500
1.5568,-2.4415,0.5500,0.5500
1.5568,-2.4315,0.5500,0.5500
1.5668,-2.4215,0.5500,0.5500
1.5668,-2.4115,0.5500,0.5500
1.5668,-2.4015,0.5500,0.5500
1.5668,-2.3915,0.5500,0.5500
1.5668,-2.3815,0.5500,0.5500
1.5668,-2.3715,0.5500,0.5500
1.5668,-2.3615,0.5500,0.5500
1.5668,-2.3515,0.5500,0.5500
1.5668,-2.3415,0.5500,0.5500
1.5768,-2.3315,0.5500,0.5500
1.5768,-2.3215,0.5500,0.5500
1.5768,-2.3115,0.5500,0.5500
1.5768,-2.3015,0.5500,0.5500
1.5768,-2.2915,0.5500,0.5500
1.5768,-2.2815,0.5500,0.5500
1.5768,-2.2715,0.5500,0.5500
1.5768,-2.2615,0.5500,0.5500
1.5768,-2.2515,0.5500,0.5500
1.5868,-2.2415,0.5500,0.5500
1.5868,-2.2315,0.5500,0.5500
1.5868,-2.2215,0.5500,0.5500
1.5868,-2.2115,0.5500,0.5500
1.5868,-2.2015,0.5500,0.5500
1.5868,-2.1915,0.5500,0.5500
1.5868,-2.1815,0.5500,0.5500
1.5868,-2.1715,0.5500,0.5500
1.5868,-2.1615,0.5500,0.5500
1.5868,-2.1515,0.5500,0.5500
1.5868,-2.1415,0.5500,0.5500
1.5968,-2.1315,0.5500,0.5500
1.5968,-2.1215,0.5500,0.5500
1.5968,-2.1115,0.5500,0.5500
1.5968,-2.1015,0.5500,0.5500
1.5968,-2.0915,0.5500,0.5500
1.5968,-2.0815,0.5500,0.5500
1.5968,-2.0715,0.5500,0.5500
1.5968,-2.0615,0.5500,0.5500
1.5968,-2.0515,0.5500,0.5500
1.5968,-2.0415,0.5500,0.5500
1.5968,-2.0315,0.5500,0.5500
1.5968,-2.0215,0.5500,0.5500
1.5968,-2.0115,0.5500,0.5500
1.5968,-2.0015,0.5500,0.5500
1.6068,-1.9915,0.5500,0.5500
1.6068,-1.9815,0.5500,0.5500
1.6068,-1.9715,0.5500,0.5500
1.6068,-1.9615,0.5500,0.5500
1.6068,-1.9515,0.5500,0.5500
1.6068,-1.9415,0.5500,0.5500
1.6068,-1.9315,0.5500,0.5500
1.6068,-1.9215,0.5500,0.5500
1.6068,-1.9115,0.5500,0.5500
1.6068,-1.9015,0.5500,0.5500
1.6068,-1.8915,0.5500,0.5500
1.6068,-1.8815,0.5500,0.5500
1.6068,-1.8715,0.5500,0.5500
1.6068,-1.8615,0.5500,0.5500
1.6068,-1.8515,0.5500,0.5500
1.6068,-1.8415,0.5500,0.5500
1.6068,-1.8315,0.5500,0.5500
1.6068,-1.8215,0.5500,0.5500
1.6068,-1.8115,0.5500,0.5500
1.6068,-1.8015,0.5500,0.5500
1.6068,-1.7915,0.5500,0.5500
1.6068,-1.7815,0.5500,0.5500
1.6068,-1.7715,0.5500,0.5500
1.6068,-1.7615,0.5500,0.5500
1.6068,-1.7515,0.5500,0.5500
1.6068,-1.7415,0.5500,0.5500
1.6068,-1.7315,0.5500,0.5500
1.6068,-1.7215,0.5500,0.5500
1.6068,-1.7115,0.5500,0.5500
1.6068,-1.7015,0.5500,0.5500
1.6068,-1.6915,0.5500,0.5500
1.6068,-1.6815,0.5500,0.5500
1.6068,-1.6715,0.5500,0.5500
1.6068,-1.6615,0.5500,0.5500
1.6068,-1.6515,0.5500,0.5500
1.6068,-1.6415,0.5500,0.5500
1.6068,-1.6315,0.5500,0.5500
1.6068,-1.6215,0.5500,0.5500
1.6068,-1.6115,0.5500,0.5500
1.6068,-1.6015,0.5500,0.5500
1.6068,-1.5915,0.5500,0.5500
1.6068,-1.5815,0.5500,0.5500
1.6068,-1.5715,0.5500,0.5500
1.6068,-1.5615,0.5500,0.5500
1.6068,-1.5515,0.5500,0.5500
1.6068,-1.5415,0.5500,0.5500
1.6068,-1.5315,0.5500,0.5500
1.6068,-1.5215,0.5500,0.5500
1.6068,-1.5115,0.5500,0.5500
1.6168,-1.5015,0.5500,0.5500
1.6168,-1.4915,0.5500,0.5500
1.6168,-1.4815,0.5500,0.5500
1.6168,-1.4715,0.5500,0.5500
1.6168,-1.4615,0.5500,0.5500
1.6168,-1.4515,0.5500,0.5500
1.6168,-1.4415,0.5500,0.5500
1.6168,-1.4315,0.5500,0.5500
1.6168,-1.4215,0.5500,0.5500
1.6168,-1.4115,0.5500,0.5500
1.6168,-1.4015,0.5500,0.5500
1.6168,-1.3915,0.5500,0.5500
1.6168,-1.3815,0.5500,0.5500
1.6168,-1.3715,0.5500,0.5500
1.6168,-1.3615,0.5500,0.5500
1.6168,-1.3515,0.5500,0.5500
1.6168,-1.3415,0.5500,0.5500
1.6168,-1.3315,0.5500,0.5500
1.6168,-1.3215,0.5500,0.5500
1.6168,-1.3115,0.5500,0.5500
1.6168,-1.3015,0.5500,0.5500
1.6168,-1.2915,0.5500,0.5500
1.6168,-1.2815,0.5500,0.5500
1.6168,-1.2715,0.5500,0.5500
1.6168,-1.2615,0.5500,0.5500
1.6168,-1.2515,0.5500,0.5500
1.6168,-1.2415,0.5500,0.5500
1.6168,-1.2315,0.5500,0.5500
1.6168,-1.2215,0.5500,0.5500
1.6168,-1.2115,0.5500,0.5500
1.6168,-1.2015,0.5500,0.5500
1.6168,-1.1915,0.5500,0.5500
1.6168,-1.1815,0.5500,0.5500
1.6168,-1.1715,0.5500,0.5500
1.6168,-1.1615,0.5500,0.5500
1.6168,-1.1515,0.5500,0.5500
1.6168,-1.1415,0.5500,0.5500
1.6168,-1.1315,0.5500,0.5500
1.6168,-1.1215,0.5500,0.5500
1.6168,-1.1115,0.5500,0.5500
1.6168,-1.1015,0.5500,0.5500
1.6168,-1.0915,0.5500,0.5500
1.6168,-1.0815,0.5500,0.5500
1.6168,-1.0715,0.5500,0.5500
1.6168,-1.0615,0.5500,0.5500
1.6168,-1.0515,0.5500,0.5500
1.6168,-1.0415,0.5500,0.5500
1.6168,-1.0315,0.5500,0.5500
1.6168,-1.0215,0.5500,0.5500
1.6168,-1.0115,0.5500,0.5500
1.6168,-1.0015,0.5500,0.5500
1.6168,-0.9915,0.5500,0.5500
1.6168,-0.9815,0.5500,0.5500
1.6168,-0.9715,0.5500,0.5500
1.6168,-0.9615,0.5500,0.5500
1.6168,-0.9515,0.5500,0.5500
1.6168,-0.9415,0.5500,0.5500
1.6168,-0.9315,0.5500,0.5500
1.6168,-0.9215,0.5500,0.5500
1.6168,-0.9115,0.5500,0.5500
1.6168,-0.9015,0.5500,0.5500
1.6168,-0.8915,0.5500,0.5500
1.6168,-0.8815,0.5500,0.5500
1.6168,-0.8715,0.5500,0.5500
1.6168,-0.8615,0.5500,0.5500
1.6168,-0.8515,0.5500,0.5500
1.6168,-0.8415,0.5500,0.5500
1.6168,-0.8315,0.5500,0.5500
1.6168,-0.8215,0.5500,0.5500
1.6168,-0.8115,0.5500,0.5500
1.6168,-0.8015,0.5500,0.5500
1.6168,-0.7915,0.5500,0.5500
1.6168,-0.7815,0.5500,0.5500
1.6168,-0.7715,0.5500,0.5500
1.6168,-0.7615,0.5500,0.5500
1.6168,-0.7515,0.5500,0.5500
1.6168,-0.7415,0.5500,0.5500
1.6168,-0.7315,0.5500,0.5500
1.6168,-0.7215,0.5500,0.5500
1.6168,-0.7115,0.5500,0.5500
1.6168,-0.7015,0.5500,0.5500
1.6168,-0.6915,0.5500,0.5500
1.6168,-0.6815,0.5500,0.5500
1.6168,-0.6715,0.5500,0.5500
1.6168,-0.6615,0.5500,0.5500
1.6168,-0.6515,0.5500,0.5500
1.6168,-0.6415,0.5500,0.5500
1.6168,-0.6315,0.5500,0.5500
1.6168,-0.6215,0.5500,0.5500
1.6168,-0.6115,0.5500,0.5500
1.6168,-0.6015,0.5500,0.5500
1.6168,-0.5915,0.5500,0.5500
1.6168,-0.5815,0.5500,0.5500
1.6168,-0.5715,0.5500,0.5500
1.6168,-0.5615,0.5500,0.5500
1.6168,-0.5515,0.5500,0.5500
1.6168,-0.5415,0.5500,0.5500
1.6168,-0.5315,0.5500,0.5500
1.6168,-0.5215,0.5500,0.5500
1.6168,-0.5115,0.5500,0.5500
1.6168,-0.5015,0.5500,0.5500
1.6168,-0.4915,0.5500,0.5500
1.6168,-0.4815,0.5500,0.5500
1.6168,-0.4715,0.5500,0.5500
1.6168,-0.4615,0.5500,0.5500
1.6168,-0.4515,0.5500,0.5500
1.6168,-0.4415,0.5500,0.5500
1.6168,-0.4315,0.5500,0.5500
1.6168,-0.4215,0.5500,0.5500
1.6168,-0.4115,0.5500,0.5500
1.6168,-0.4015,0.5500,0.5500
1.6168,-0.3915,0.5500,0.5500
1.6168,-0.3815,0.5500,0.5500
1.6168,-0.3715,0.5500,0.5500
1.6168,-0.3615,0.5500,0.5500
1.6168,-0.3515,0.5500,0.5500
1.6168,-0.3415,0.5500,0.5500
1.6168,-0.3315,0.5500,0.5500
1.6168,-0.3215,0.5500,0.5500
1.6168,-0.3115,0.5500,0.5500
1.6168,-0.3015,0.5500,0.5500
1.6168,-0.2915,0.5500,0.5500
1.6268,-0.2815,0.5500,0.5500
1.6268,-0.2715,0.5500,0.5500
1.6268,-0.2615,0.5500,0.5500
1.6268,-0.2515,0.5500,0.5500
1.6268,-0.2415,0.5500,0.5500
1.6268,-0.2315,0.5500,0.5500
1.6268,-0.2215,0.5500,0.5500
1.6268,-0.2115,0.5500,0.5500
1.6268,-0.2015,0.5500,0.5500
1.6268,-0.1915,0.5500,0.5500
1.6268,-0.1815,0.5500,0.5500
1.6268,-0.1715,0.5500,0.5500
1.6268,-0.1615,0.5500,0.5500
1.6268,-0.1515,0.5500,0.5500
1.6268,-0.1415,0.5500,0.5500
1.6268,-0.1315,0.5500,0.5500
1.6268,-0.1215,0.5500,0.5500
1.6268,-0.1115,0.5500,0.5500
1.6268,-0.1015,0.5500,0.5500
1.6268,-0.0915,0.5500,0.5500
1.6268,-0.0815,0.5500,0.5500
1.6268,-0.0715,0.5500,0.5500
1.6268,-0.0615,0.5500,0.5500
1.6268,-0.0515,0.5500,0.5500
1.6268,-0.0415,0.5500,0.5500
1.6268,-0.0315,0.5500,0.5500
1.6268,-0.0215,0.5500,0.5500
1.6268,-0.0115,0.5500,0.5500
1.6268,-0.0015,0.5500,0.5500
1.6268,0.0085,0.5500,0.5500
1.6268,0.0185,0.5500,0.5500
1.6268,0.0285,0.5500,0.5500
1.6268,0.0385,0.5500,0.5500
1.6268,0.0485,0.5500,0.5500
1.6268,0.0585,0.5500,0.5500
1.6268,0.0685,0.5500,0.5500
1.6268,0.0785,0.5500,0.5500
1.6268,0.0885,0.5500,0.5500
1.6268,0.0985,0.5500,0.5500
1.6268,0.1085,0.5500,0.5500
1.6268,0.1185,0.5500,0.5500
1.6268,0.1285,0.5500,0.5500
1.6268,0.1385,0.5500,0.5500
1.6268,0.1485,0.5500,0.5500
1.6268,0.1585,0.5500,0.5500
1.6268,0.1685,0.5500,0.5500
1.6268,0.1785,0.5500,0.5500
1.6268,0.1885,0.5500,0.5500
1.6268,0.1985,0.5500,0.5500
1.6268,0.2085,0.5500,0.5500
1.6268,0.2185,0.5500,0.5500
1.6268,0.2285,0.5500,0.5500
1.6268,0.2385,0.5500,0.5500
1.6268,0.2485,0.5500,0.5500
1.6268,0.2585,0.5500,0.5500
1.6268,0.2685,0.5500,0.5500
1.6268,0.2785,0.5500,0.5500
1.6268,0.2885,0.5500,0.5500
1.6268,0.2985,0.5500,0.5500
1.6268,0.3085,0.5500,0.5500
1.6268,0.3185,0.5500,0.5500
1.6268,0.3285,0.5500,0.5500
1.6268,0.3385,0.5500,0.5500
1.6268,0.3485,0.5500,0.5500
1.6268,0.3585,0.5500,0.5500
1.6268,0.3685,0.5500,0.5500
1.6268,0.3785,0.5500,0.5500
1.6268,0.3885,0.5500,0.5500
1.6268,0.3985,0.5500,0.5500
1.6268,0.4085,0.5500,0.5500
1.6268,0.4185,0.5500,0.5500
1.6268,0.4285,0.5500,0.5500
1.6268,0.4385,0.5500,0.5500
1.6268,0.4485,0.5500,0.5500
1.6268,0.4585,0.5500,0.5500
1.6268,0.4685,0.5500,0.5500
1.6268,0.4785,0.5500,0.5500
1.6268,0.4885,0.5500,0.5500
1.6268,0.4985,0.5500,0.5500
1.6268,0.5085,0.5500,0.5500
1.6268,0.5185,0.5500,0.5500
1.6268,0.5285,0.5500,0.5500
1.6168,0.5385,0.5500,0.5500
1.6168,0.5485,0.5500,0.5500
1.6168,0.5585,0.5500,0.5500
1.6168,0.5685,0.5500,0.5500
1.6168,0.5785,0.5500,0.5500
1.6168,0.5885,0.5500,0.5500
1.6168,0.5985,0.5500,0.5500
1.6168,0.6085,0.5500,0.5500
1.6168,0.6185,0.5500,0.5500
1.6168,0.6285,0.5500,0.5500
1.6168,0.6385,0.5500,0.5500
1.6068,0.6485,0.5500,0.5500
1.6068,0.6585,0.5500,0.5500
1.6068,0.6685,0.5500,0.5500
1.6068,0.6785,0.5500,0.5500
1.6068,0.6885,0.5500,0.5500
1.6068,0.6985,0.5500,0.5500
1.6068,0.7085,0.5500,0.5500
1.6068,0.7185,0.5500,0.5500
1.5968,0.7285,0.5500,0.5500
1.5968,0.7385,0.5500,0.5500
1.5968,0.7485,0.5500,0.5500
1.5968,0.7585,0.5500,0.5500
1.5968,0.7685,0.5500,0.5500
1.5968,0.7785,0.5500,0.5500
1.5968,0.7885,0.5500,0.5500
1.5868,0.7985,0.5500,0.5500
1.5868,0.8085,0.5500,0.5500
1.5868,0.8185,0.5500,0.5500
1.5868,0.8285,0.5500,0.5500
1.5868,0.8385,0.5500,0.5500
1.5868,0.8485,0.5500,0.5500
1.5868,0.8585,0.5500,0.5500
1.5768,0.8685,0.5500,0.5500
1.5768,0.8785,0.5500,0.5500
1.5768,0.8885,0.5500,0.5500
1.5768,0.8985,0.5500,0.5500
1.5768,0.9085,0.5500,0.5500
1.5768,0.9185,0.5500,0.5500
1.5668,0.9285,0.5500,0.5500
1.5668,0.9385,0.5500,0.5500
1.5668,0.9485,0.5500,0.5500
1.5668,0.9585,0.5500,0.5500
1.5668,0.9685,0.5500,0.5500
1.5668,0.9785,0.5500,0.5500
1.5568,0.9885,0.5500,0.5500
1.5568,0.9985,0.5500,0.5500
1.5568,1.0085,0.5500,0.5500
1.5568,1.0185,0.5500,0.5500
1.5568,1.0285,0.5500,0.5500
1.5468,1.0385,0.5500,0.5500
1.5468,1.0485,0.5500,0.5500
1.5468,1.0585,0.5500,0.5500
1.5468,1.0685,0.5500,0.5500
1.5468,1.0785,0.5500,0.5500
1.5368,1.0885,0.5500,0.5500
1.5368,1.0985,0.5500,0.5500
1.5368,1.1085,0.5500,0.5500
1.5368,1.1185,0.5500,0.5500
1.5268,1.1285,0.5500,0.5500
1.5268,1.1385,0.5500,0.5500
1.5268,1.1485,0.5500,0.5500
1.5268,1.1585,0.5500,0.5500
1.5268,1.1685,0.5500,0.5500
1.5168,1.1785,0.5500,0.5500
1.5168,1.1885,0.5500,0.5500
1.5168,1.1985,0.5500,0.5500
1.5168,1.2085,0.5500,0.5500
1.5068,1.2185,0.5500,0.5500
1.5068,1.2285,0.5500,0.5500
1.5068,1.2385,0.5500,0.5500
1.5068,1.2485,0.5500,0.5500
1.4968,1.2585,0.5500,0.5500
1.4968,1.2685,0.5500,0.5500
1.4968,1.2785,0.5500,0.5500
1.4868,1.2885,0.5500,0.5500
1.4868,1.2985,0.5500,0.5500
1.4868,1.3085,0.5500,0.5500
1.4768,1.3185,0.5500,0.5500
1.4668,1.3285,0.5500,0.5500
1.4668,1.3385,0.5500,0.5500
1.4668,1.3485,0.5500,0.5500
1.4568,1.3585,0.5500,0.5500
1.4568,1.3685,0.5500,0.5500
1.4468,1.3785,0.5500,0.5500
1.4368,1.3885,0.5500,0.5500
1.4368,1.3985,0.5500,0.5500
1.4268,1.4085,0.5500,0.5500
1.4268,1.4185,0.5500,0.5500
1.4168,1.4285,0.5500,0.5500
1.4068,1.4385,0.5500,0.5500
1.3968,1.4485,0.5500,0.5500
1.3968,1.4585,0.5500,0.5500
1.3868,1.4685,0.5500,0.5500
1.3768,1.4785,0.5500,0.5500
1.3668,1.4885,0.5500,0.5500
1.3668,1.4985,0.5500,0.5500
1.3568,1.5085,0.5500,0.5500
1.3468,1.5185,0.5500,0.5500
1.3368,1.5285,0.5500,0.5500
1.3268,1.5385,0.5500,0.5500
1.3168,1.5485,0.5500,0.5500
1.3068,1.5585,0.5500,0.5500
1.2968,1.5685,0.5500,0.5500
1.2868,1.5785,0.5500,0.5500
1.2768,1.5885,0.5500,0.5500
1.2668,1.5985,0.5500,0.5500
1.2568,1.6085,0.5500,0.5500
1.2468,1.6185,0.5500,0.5500
1.2368,1.6185,0.5500,0.5500
1.2268,1.6285,0.5500,0.5500
1.2168,1.6385,0.5500,0.5500
1.2068,1.6485,0.5500,0.5500
1.1968,1.6585,0.5500,0.5500
1.1868,1.6585,0.5500,0.5500
1.1768,1.6685,0.5500,0.5500
1.1668,1.6785,0.5500,0.5500
1.1568,1.6885,0.5500,0.5500
1.1468,1.6885,0.5500,0.5500
1.1368,1.6985,0.5500,0.5500
1.1268,1.7085,0.5500,0.5500
1.1168,1.7185,0.5500,0.5500
1.1068,1.7185,0.5500,0.5500
1.0968,1.7285,0.5500,0.5500
1.0868,1.7285,0.5500,0.5500
1.0768,1.7385,0.5500,0.5500
1.0668,1.7485,0.5500,0.5500
1.0568,1.7485,0.5500,0.5500
1.0468,1.7585,0.5500,0.5500
1.0368,1.7585,0.5500,0.5500
1.0268,1.7685,0.5500,0.5500
1.0168,1.7685,0.5500,0.5500
1.0068,1.7785,0.5500,0.5500
0.9968,1.7785,0.5500,0.5500
0.9868,1.7885,0.5500,0.5500
0.9768,1.7885,0.5500,0.5500
0.9668,1.7985,0.5500,0.5500
0.9568,1.7985,0.5500,0.5500
0.9468,1.8085,0.5500,0.5500
0.9368,1.8085,0.5500,0.5500
0.9268,1.8185,0.5500,0.5500
0.9168,1.8185,0.5500,0.5500
0.9068,1.8185,0.5500,0.5500
0.8968,1.8285,0.5500,0.5500
0.8868,1.8285,0.5500,0.5500
0.8768,1.8385,0.5500,0.5500
0.8668,1.8385,0.5500,0.5500
0.8568,1.8485,0.5500,0.5500
0.8468,1.8485,0.5500,0.5500
0.8368,1.8485,0.5500,0.5500
0.8268,1.8485,0.5500,0.5500
0.8168,1.8585,0.5500,0.5500
0.8068,1.8585,0.5500,0.5500
0.7968,1.8585,0.5500,0.5500
0.7868,1.8685,0.5500,0.5500
0.7768,1.8685,0.5500,0.5500
0.7668,1.8685,0.5500,0.5500
0.7568,1.8785,0.5500,0.5500
0.7468,1.8785,0.5500,0.5500
0.7368,1.8785,0.5500,0.5500
0.7268,1.8785,0.5500,0.5500
0.7168,1.8885,0.5500,0.5500
0.7068,1.8885,0.5500,0.5500
0.6968,1.8885,0.5500,0.5500
0.6868,1.8885,0.5500,0.5500
0.6768,1.8885,0.5500,0.5500
0.6668,1.8985,0.5500,0.5500
0.6568,1.8985,0.5500,0.5500
0.6468,1.8985,0.5500,0.5500
0.6368,1.8985,0.5500,0.5500
0.6268,1.8985,0.5500,0.5500
0.6168,1.9085,0.5500,0.5500
0.6068,1.9085,0.5500,0.5500
0.5968,1.9085,0.5500,0.5500
0.5868,1.9085,0.5500,0.5500
0.5768,1.9085,0.5500,0.5500
0.5668,1.9085,0.5500,0.5500
0.5568,1.9185,0.5500,0.5500
0.5468,1.9185,0.5500,0.5500
0.5368,1.9185,0.5500,0.5500
0.5268,1.9185,0.5500,0.5500
0.5168,1.9185,0.5500,0.5500
0.5068,1.9185,0.5500,0.5500
0.4968,1.9285,0.5500,0.5500
0.4868,1.9285,0.5500,0.5500
0.4768,1.9285,0.5500,0.5500
0.4668,1.9285,0.5500,0.5500
0.4568,1.9285,0.5500,0.5500
0.4468,1.9285,0.5500,0.5500
0.4368,1.9385,0.5500,0.5500
0.4268,1.9385,0.5500,0.5500
0.4168,1.9385,0.5500,0.5500
0.4068,1.9385,0.5500,0.5500
0.3968,1.9385,0.5500,0.5500
0.3868,1.9385,0.5500,0.5500
0.3768,1.9385,0.5500,0.5500
0.3668,1.9485,0.5500,0.5500
0.3568,1.9485,0.5500,0.5500
0.3468,1.9485,0.5500,0.5500
0.3368,1.9485,0.5500,0.5500
0.3268,1.9485,0.5500,0.5500
0.3168,1.9485,0.5500,0.5500
0.3068,1.9485,0.5500,0.5500
0.2968,1.9485,0.5500,0.5500
0.2868,1.9585,0.5500,0.5500
0.2768,1.9585,0.5500,0.5500
0.2668,1.9585,0.5500,0.5500
0.2568,1.9585,0.5500,0.5500
0.2468,1.9585,0.5500,0.5500
0.2368,1.9585,0.5500,0.5500
0.2268,1.9585,0.5500,0.5500
0.2168,1.9585,0.5500,0.5500
0.2068,1.9685,0.5500,0.5500
0.1968,1.9585,0.5500,0.5500
0.1868,1.9585,0.5500,0.5500
0.1768,1.9585,0.5500,0.5500
0.1668,1.9585,0.5500,0.5500
0.1568,1.9585,0.5500,0.5500
0.1468,1.9585,0.5500,0.5500
0.1368,1.9585,0.5500,0.5500
0.1268,1.9585,0.5500,0.5500
0.1168,1.9485,0.5500,0.5500
0.1068,1.9485,0.5500,0.5500
0.0968,1.9485,0.5500,0.5500
0.0868,1.9485,0.5500,0.5500
0.0768,1.9485,0.5500,0.5500
0.0668,1.9485,0.5500,0.5500
0.0568,1.9485,0.5500,0.5500
0.0468,1.9385,0.5500,0.5500
0.0368,1.9385,0.5500,0.5500
0.0268,1.9385,0.5500,0.5500
0.0168,1.9385,0.5500,0.5500
0.0068,1.9385,0.5500,0.5500
-0.0032,1.9385,0.5500,0.5500
-0.0132,1.9285,0.5500,0.5500
-0.0232,1.9285,0.5500,0.5500
-0.0332,1.9285,0.5500,0.5500
-0.0432,1.9285,0.5500,0.5500
-0.0532,1.9285,0.5500,0.5500
-0.0632,1.9285,0.5500,0.5500
-0.0732,1.9185,0.5500,0.5500
-0.0832,1.9185,0.5500,0.5500
-0.0932,1.9185,0.5500,0.5500
-0.1032,1.9185,0.5500,0.5500
-0.1132,1.9185,0.5500,0.5500
-0.1232,1.9085,0.5500,0.5500
-0.1332,1.9085,0.5500,0.5500
-0.1432,1.9085,0.5500,0.5500
-0.1532,1.9085,0.5500,0.5500
-0.1632,1.9085,0.5500,0.5500
-0.1732,1.9085,0.5500,0.5500
-0.1832,1.8985,0.5500,0.5500
-0.1932,1.8985,0.5500,0.5500
-0.2032,1.8985,0.5500,0.5500
-0.2132,1.8985,0.5500,0.5500
-0.2232,1.8885,0.5500,0.5500
-0.2332,1.8885,0.5500,0.5500
-0.2432,1.8885,0.5500,0.5500
-0.2532,1.8885,0.5500,0.5500
-0.2632,1.8885,0.5500,0.5500
-0.2732,1.8785,0.5500,0.5500
-0.2832,1.8785,0.5500,0.5500
-0.2932,1.8785,0.5500,0.5500
-0.3032,1.8785,0.5500,0.5500
-0.3132,1.8685,0.5500,0.5500
-0.3232,1.8685,0.5500,0.5500
-0.3332,1.8685,0.5500,0.5500
-0.3432,1.8685,0.5500,0.5500
-0.3532,1.8585,0.5500,0.5500
-0.3632,1.8585,0.5500,0.5500
-0.3732,1.8485,0.5500,0.5500
-0.3832,1.8485,0.5500,0.5500
-0.3932,1.8485,0.5500,0.5500
-0.4032,1.8485,0.5500,0.5500
-0.4132,1.8385,0.5500,0.5500
-0.4232,1.8385,0.5500,0.5500
-0.4332,1.8285,0.5500,0.5500
-0.4432,1.8285,0.5500,0.5500
-0.4532,1.8185,0.5500,0.5500
-0.4632,1.8185,0.5500,0.5500
-0.4732,1.8085,0.5500,0.5500
-0.4832,1.8085,0.5500,0.5500
-0.4932,1.7985,0.5500,0.5500
-0.5032,1.7885,0.5500,0.5500
-0.5132,1.7885,0.5500,0.5500
-0.5232,1.7785,0.5500,0.5500
-0.5332,1.7785,0.5500,0.5500
-0.5432,1.7685,0.5500,0.5500
-0.5532,1.7585,0.5500,0.5500
-0.5632,1.7585,0.5500,0.5500
-0.5732,1.7485,0.5500,0.5500
-0.5832,1.7385,0.5500,0.5500
-0.5932,1.7285,0.5500,0.5500
-0.6032,1.7285,0.5500,0.5500
-0.6132,1.7185,0.5500,0.5500
-0.6232,1.7085,0.5500,0.5500
-0.6332,1.6985,0.5500,0.5500
-0.6432,1.6885,0.5500,0.5500
-0.6532,1.6785,0.5500,0.5500
-0.6632,1.6685,0.5500,0.5500
-0.6732,1.6585,0.5500,0.5500
-0.6832,1.6485,0.5500,0.5500
-0.6932,1.6385,0.5500,0.5500
-0.6932,1.6285,0.5500,0.5500
-0.7032,1.6185,0.5500,0.5500
-0.7132,1.6085,0.5500,0.5500
-0.7132,1.5985,0.5500,0.5500
-0.7232,1.5885,0.5500,0.5500
-0.7332,1.5785,0.5500,0.5500
-0.7432,1.5685,0.5500,0.5500
-0.7432,1.5585,0.5500,0.5500
-0.7532,1.5485,0.5500,0.5500
-0.7532,1.5385,0.5500,0.5500
-0.7632,1.5285,0.5500,0.5500
-0.7732,1.5185,0.5500,0.5500
-0.7732,1.5085,0.5500,0.5500
-0.7732,1.4985,0.5500,0.5500
-0.7832,1.4885,0.5500,0.5500
-0.7932,1.4785,0.5500,0.5500
-0.7932,1.4685,0.5500,0.5500
-0.7932,1.4585,0.5500,0.5500
-0.8032,1.4485,0.5500,0.5500
-0.8032,1.4385,0.5500,0.5500
-0.8132,1.4285,0.5500,0.5500
-0.8132,1.4185,0.5500,0.5500
-0.8232,1.4085,0.5500,0.5500
-0.8232,1.3985,0.5500,0.5500
-0.8232,1.3885,0.5500,0.5500
-0.8232,1.3785,0.5500,0.5500
-0.8332,1.3685,0.5500,0.5500
-0.8332,1.3585,0.5500,0.5500
-0.8432,1.3485,0.5500,0.5500
-0.8432,1.3385,0.5500,0.5500
-0.8432,1.3285,0.5500,0.5500
-0.8432,1.3185,0.5500,0.5500
-0.8532,1.3085,0.5500,0.5500
-0.8532,1.2985,0.5500,0.5500
-0.8532,1.2885,0.5500,0.5500
-0.8532,1.2785,0.5500,0.5500
-0.8632,1.2685,0.5500,0.5500
-0.8632,1.2585,0.5500,0.5500
-0.8632,1.2485,0.5500,0.5500
-0.8632,1.2385,0.5500,0.5500
-0.8632,1.2285,0.5500,0.5500
-0.8732,1.2185,0.5500,0.5500
-0.8732,1.2085,0.5500,0.5500
-0.8732,1.1985,0.5500,0.5500
-0.8732,1.1885,0.5500,0.5500
-0.8732,1.1785,0.5500,0.5500
-0.8832,1.1685,0.5500,0.5500
-0.8832,1.1585,0.5500,0.5500
-0.8832,1.1485,0.5500,0.5500
-0.8832,1.1385,0.5500,0.5500
-0.8832,1.1285,0.5500,0.5500
-0.8832,1.1185,0.5500,0.5500
-0.8932,1.1085,0.5500,0.5500
-0.8932,1.0985,0.5500,0.5500
-0.8932,1.0885,0.5500,0.5500
-0.8932,1.0785,0.5500,0.5500
-0.8932,1.0685,0.5500,0.5500
-0.9032,1.0585,0.5500,0.5500
-0.9032,1.0485,0.5500,0.5500
-0.9032,1.0385,0.5500,0.5500
-0.9032,1.0285,0.5500,0.5500
-0.9032,1.0185,0.5500,0.5500
-0.9032,1.0085,0.5500,0.5500
-0.9132,0.9985,0.5500,0.5500
-0.9132,0.9885,0.5500,0.5500
-0.9132,0.9785,0.5500,0.5500
-0.9132,0.9685,0.5500,0.5500
-0.9132,0.9585,0.5500,0.5500
-0.9132,0.9485,0.5500,0.5500
-0.9132,0.9385,0.5500,0.5500
-0.9232,0.9285,0.5500,0.5500
-0.9232,0.9185,0.5500,0.5500
-0.9232,0.9085,0.5500,0.5500
-0.9232,0.8985,0.5500,0.5500
-0.9232,0.8885,0.5500,0.5500
-0.9232,0.8785,0.5500,0.5500
-0.9232,0.8685,0.5500,0.5500
-0.9232,0.8585,0.5500,0.5500
-0.9332,0.8485,0.5500,0.5500
-0.9332,0.8385,0.5500,0.5500
-0.9332,0.8285,0.5500,0.5500
-0.9332,0.8185,0.5500,0.5500
-0.9332,0.8085,0.5500,0.5500
-0.9332,0.7985,0.5500,0.5500
-0.9332,0.7885,0.5500,0.5500
-0.9332,0.7785,0.5500,0.5500
-0.9332,0.7685,0.5500,0.5500
-0.9432,0.7585,0.5500,0.5500
-0.9432,0.7485,0.5500,0.5500
-0.9432,0.7385,0.5500,0.5500
-0.9432,0.7285,0.5500,0.5500
-0.9432,0.7185,0.5500,0.5500
-0.9432,0.7085,0.5500,0.5500
-0.9432,0.6985,0.5500,0.5500
-0.9432,0.6885,0.5500,0.5500
-0.9432,0.6785,0.5500,0.5500
-0.9432,0.6685,0.5500,0.5500
-0.9532,0.6585,0.5500,0.5500
-0.9532,0.6485,0.5500,0.5500
-0.9532,0.6385,0.5500,0.5500
-0.9532,0.6285,0.5500,0.5500
-0.9532,0.6185,0.5500,0.5500
-0.9532,0.6085,0.5500,0.5500
-0.9532,0.5985,0.5500,0.5500
-0.9532,0.5885,0.5500,0.5500
-0.9532,0.5785,0.5500,0.5500
-0.9532,0.5685,0.5500,0.5500
-0.9532,0.5585,0.5500,0.5500
-0.9532,0.5485,0.5500,0.5500
-0.9532,0.5385,0.5500,0.5500
-0.9532,0.5285,0.5500,0.5500
-0.9632,0.5185,0.5500,0.5500
-0.9532,0.5085,0.5500,0.5500
-0.9532,0.4985,0.5500,0.5500
-0.9532,0.4885,0.5500,0.5500
-0.9532,0.4785,0.5500,0.5500
-0.9532,0.4685,0.5500,0.5500
-0.9532,0.4585,0.5500,0.5500
-0.9532,0.4485,0.5500,0.5500
-0.9532,0.4385,0.5500,0.5500
-0.9532,0.4285,0.5500,0.5500
-0.9532,0.4185,0.5500,0.5500
-0.9532,0.4085,0.5500,0.5500
-0.9532,0.3985,0.5500,0.5500
-0.9532,0.3885,0.5500,0.5500
-0.9532,0.3785,0.5500,0.5500
-0.9532,0.3685,0.5500,0.5500
-0.9532,0.3585,0.5500,0.5500
-0.9532,0.3485,0.5500,0.5500
-0.9532,0.3385,0.5500,0.5500
-0.9532,0.3285,0.5500,0.5500
-0.9532,0.3185,0.5500,0.5500
-0.9532,0.3085,0.5500,0.5500
-0.9532,0.2985,0.5500,0.5500
-0.9532,0.2885,0.5500,0.5500
-0.9532,0.2785,0.5500,0.5500
-0.9532,0.2685,0.5500,0.5500
-0.9532,0.2585,0.5500,0.5500
-0.9532,0.2485,0.5500,0.5500
-0.9532,0.2385,0.5500,0.5500
-0.9532,0.2285,0.5500,0.5500
-0.9532,0.2185,0.5500,0.5500
-0.9532,0.2085,0.5500,0.5500
-0.9532,0.1985,0.5500,0.5500
-0.9532,0.1885,0.5500,0.5500
-0.9532,0.1785,0.5500,0.5500
-0.9532,0.1685,0.5500,0.5500
-0.9532,0.1585,0.5500,0.5500
-0.9532,0.1485,0.5500,0.5500
-0.9532,0.1385,0.5500,0.5500
-0.9532,0.1285,0.5500,0.5500
-0.9532,0.1185,0.5500,0.5500
-0.9532,0.1085,0.5500,0.5500
-0.9532,0.0985,0.5500,0.5500
-0.9532,0.0885,0.5500,0.5500
-0.9532,0.0785,0.5500,0.5500
-0.9532,0.0685,0.5500,0.5500
-0.9532,0.0585,0.5500,0.5500
-0.9532,0.0485,0.5500,0.5500
-0.9532,0.0385,0.5500,0.5500
-0.9532,0.0285,0.5500,0.5500
-0.9532,0.0185,0.5500,0.5500
-0.9532,0.0085,0.5500,0.5500
-0.9532,-0.0015,0.5500,0.5500
-0.9532,-0.0115,0.5500,0.5500
-0.9532,-0.0215,0.5500,0.5500
-0.9532,-0.0315,0.5500,0.5500
-0.9532,-0.0415,0.5500,0.5500
-0.9532,-0.0515,0.5500,0.5500
-0.9532,-0.0615,0.5500,0.5500
-0.9532,-0.0715,0.5500,0.5500
-0.9532,-0.0815,0.5500,0.5500
-0.9532,-0.0915,0.5500,0.5500
-0.9532,-0.1015,0.5500,0.5500
-0.9532,-0.1115,0.5500,0.5500
-0.9432,-0.1215,0.5500,0.5500
-0.9432,-0.1315,0.5500,0.5500
-0.9432,-0.1415,0.5500,0.5500
-0.9432,-0.1515,0.5500,0.5500
-0.9432,-0.1615,0.5500,0.5500
-0.9432,-0.1715,0.5500,0.5500
-0.9432,-0.1815,0.5500,0.5500
-0.9432,-0.1915,0.5500,0.5500
-0.9432,-0.2015,0.5500,0.5500
-0.9432,-0.2115,0.5500,0.5500
-0.9432,-0.2215,0.5500,0.5500
-0.9432,-0.2315,0.5500,0.5500
-0.9432,-0.2415,0.5500,0.5500
-0.9432,-0.2515,0.5500,0.5500
-0.9432,-0.2615,0.5500,0.5500
-0.9432,-0.2715,0.5500,0.5500
-0.9432,-0.2815,0.5500,0.5500
-0.9432,-0.2915,0.5500,0.5500
-0.9432,-0.3015,0.5500,0.5500
-0.9432,-0.3115,0.5500,0.5500
-0.9432,-0.3215,0.5500,0.5500
-0.9432,-0.3315,0.5500,0.5500
-0.9432,-0.3415,0.5500,0.5500
-0.9432,-0.3515,0.5500,0.5500
-0.9432,-0.3615,0.5500,0.5500
-0.9432,-0.3715,0.5500,0.5500
-0.9432,-0.3815,0.5500,0.5500
-0.9432,-0.3915,0.5500,0.5500
-0.9432,-0.4015,0.5500,0.5500
-0.9432,-0.4115,0.5500,0.5500
-0.9432,-0.4215,0.5500,0.5500
-0.9432,-0.4315,0.5500,0.5500
-0.9432,-0.4415,0.5500,0.5500
-0.9432,-0.4515,0.5500,0.5500
-0.9432,-0.4615,0.5500,0.5500
-0.9432,-0.4715,0.5500,0.5500
-0.9432,-0.4815,0.5500,0.5500
-0.9432,-0.4915,0.5500,0.5500
-0.9432,-0.5015,0.5500,0.5500
-0.9432,-0.5115,0.5500,0.5500
-0.9432,-0.5215,0.5500,0.5500
-0.9432,-0.5315,0.5500,0.5500
-0.9432,-0.5415,0.5500,0.5500
-0.9432,-0.5515,0.5500,0.5500
-0.9432,-0.5615,0.5500,0.5500
-0.9432,-0.5715,0.5500,0.5500
-0.9432,-0.5815,0.5500,0.5500
-0.9432,-0.5915,0.5500,0.5500
-0.9432,-0.6015,0.5500,0.5500
-0.9432,-0.6115,0.5500,0.5500
-0.9432,-0.6215,0.5500,0.5500
-0.9432,-0.6315,0.5500,0.5500
-0.9432,-0.6415,0.5500,0.5500
-0.9432,-0.6515,0.5500,0.5500
-0.9432,-0.6615,0.5500,0.5500
-0.9432,-0.6715,0.5500,0.5500
-0.9432,-0.6815,0.5500,0.5500
-0.9332,-0.6915,0.5500,0.5500
-0.9332,-0.7015,0.5500,0.5500
-0.9332,-0.7115,0.5500,0.5500
-0.9332,-0.7215,0.5500,0.5500
-0.9332,-0.7315,0.5500,0.5500
-0.9332,-0.7415,0.5500,0.5500
-0.9332,-0.7515,0.5500,0.5500
-0.9332,-0.7615,0.5500,0.5500
-0.9332,-0.7715,0.5500,0.5500
-0.9332,-0.7815,0.5500,0.5500
-0.9332,-0.7915,0.5500,0.5500
-0.9332,-0.8015,0.5500,0.5500
-0.9332,-0.8115,0.5500,0.5500
-0.9332,-0.8215,0.5500,0.5500
-0.9332,-0.8315,0.5500,0.5500
-0.9332,-0.8415,0.5500,0.5500
-0.9332,-0.8515,0.5500,0.5500
-0.9332,-0.8615,0.5500,0.5500
-0.9332,-0.8715,0.5500,0.5500
-0.9332,-0.8815,0.5500,0.5500
-0.9332,-0.8915,0.5500,0.5500
-0.9332,-0.9015,0.5500,0.5500
-0.9332,-0.9115,0.5500,0.5500
-0.9332,-0.9215,0.5500,0.5500
-0.9332,-0.9315,0.5500,0.5500
-0.9332,-0.9415,0.5500,0.5500
-0.9332,-0.9515,0.5500,0.5500
-0.9332,-0.9615,0.5500,0.5500
-0.9332,-0.9715,0.5500,0.5500
-0.9332,-0.9815,0.5500,0.5500
-0.9332,-0.9915,0.5500,0.5500
-0.9332,-1.0015,0.5500,0.5500
-0.9332,-1.0115,0.5500,0.5500
-0.9332,-1.0215,0.5500,0.5500
-0.9332,-1.0315,0.5500,0.5500
-0.9332,-1.0415,0.5500,0.5500
-0.9332,-1.0515,0.5500,0.5500
-0.9332,-1.0615,0.5500,0.5500
-0.9332,-1.0715,0.5500,0.5500
-0.9332,-1.0815,0.5500,0.5500
-0.9332,-1.0915,0.5500,0.5500
-0.9332,-1.1015,0.5500,0.5500
-0.9332,-1.1115,0.5500,0.5500
-0.9332,-1.1215,0.5500,0.5500
-0.9332,-1.1315,0.5500,0.5500
-0.9332,-1.1415,0.5500,0.5500
-0.9332,-1.1515,0.5500,0.5500
-0.9332,-1.1615,0.5500,0.5500
-0.9332,-1.1715,0.5500,0.5500
-0.9332,-1.1815,0.5500,0.5500
-0.9332,-1.1915,0.5500,0.5500
-0.9332,-1.2015,0.5500,0.5500
-0.9332,-1.2115,0.5500,0.5500
-0.9332,-1.2215,0.5500,0.5500
-0.9332,-1.2315,0.5500,0.5500
-0.9332,-1.2415,0.5500,0.5500
-0.9232,-1.2515,0.5500,0.5500
-0.9232,-1.2615,0.5500,0.5500
-0.9232,-1.2715,0.5500,0.5500
-0.9232,-1.2815,0.5500,0.5500
-0.9232,-1.2915,0.5500,0.5500
-0.9232,-1.3015,0.5500,0.5500
-0.9232,-1.3115,0.5500,0.5500
-0.9232,-1.3215,0.5500,0.5500
-0.9232,-1.3315,0.5500,0.5500
-0.9232,-1.3415,0.5500,0.5500
-0.9232,-1.3515,0.5500,0.5500
-0.9232,-1.3615,0.5500,0.5500
-0.9232,-1.3715,0.5500,0.5500
-0.9232,-1.3815,0.5500,0.5500
-0.9232,-1.3915,0.5500,0.5500
-0.9232,-1.4015,0.5500,0.5500
-0.9232,-1.4115,0.5500,0.5500
-0.9232,-1.4215,0.5500,0.5500
-0.9232,-1.4315,0.5500,0.5500
-0.9232,-1.4415,0.5500,0.5500
-0.9232,-1.4515,0.5500,0.5500
-0.9232,-1.4615,0.5500,0.5500
-0.9232,-1.4715,0.5500,0.5500
-0.9232,-1.4815,0.5500,0.5500
-0.9232,-1.4915,0.5500,0.5500
-0.9232,-1.5015,0.5500,0.5500
-0.9232,-1.5115,0.5500,0.5500
-0.9232,-1.5215,0.5500,0.5500
-0.9232,-1.5315,0.5500,0.5500
-0.9232,-1.5415,0.5500,0.5500
-0.9232,-1.5515,0.5500,0.5500
-0.9232,-1.5615,0.5500,0.5500
-0.9232,-1.5715,0.5500,0.5500
-0.9232,-1.5815,0.5500,0.5500
-0.9232,-1.5915,0.5500,0.5500
-0.9232,-1.6015,0.5500,0.5500
-0.9232,-1.6115,0.5500,0.5500
-0.9232,-1.6215,0.5500,0.5500
-0.9232,-1.6315,0.5500,0.5500
-0.9232,-1.6415,0.5500,0.5500
-0.9232,-1.6515,0.5500,0.5500
-0.9232,-1.6615,0.5500,0.5500
-0.9232,-1.6715,0.5500,0.5500
-0.9232,-1.6815,0.5500,0.5500
-0.9232,-1.6915,0.5500,0.5500
-0.9232,-1.7015,0.5500,0.5500
-0.9232,-1.7115,0.5500,0.5500
-0.9232,-1.7215,0.5500,0.5500
-0.9232,-1.7315,0.5500,0.5500
-0.9232,-1.7415,0.5500,0.5500
-0.9232,-1.7515,0.5500,0.5500
-0.9232,-1.7615,0.5500,0.5500
-0.9232,-1.7715,0.5500,0.5500
-0.9232,-1.7815,0.5500,0.5500
-0.9232,-1.7915,0.5500,0.5500
-0.9232,-1.8015,0.5500,0.5500
-0.9232,-1.8115,0.5500,0.5500
