-1.1888666557520833,-0.20950138074915364,0.43,0.43
-1.1885417591550378,-0.20034356267442707,0.43,0.43
-1.188044055407325,-0.18754498247146484,0.43,0.43
-1.1873563070181161,-0.1716873097794419,0.43,0.43
-1.1863469759338727,-0.15113767530655003,0.43,0.43
-1.184788327284286,-0.1236859655803967,0.43,0.43
-1.1824845858716695,-0.0891970702831325,0.43,0.43
-1.1792950863267162,-0.04886672787438175,0.43,0.43
-1.1750727583660892,-0.003643179962177119,0.43,0.43
-1.1696230962008551,0.04613032001812633,0.43,0.43
-1.162770345385939,0.09993454241626147,0.43,0.43
-1.154449622186552,0.15663253243257444,0.43,0.43
-1.144421294613373,0.2164832603849621,0.43,0.43
-1.1324602546228735,0.2794787528954234,0.43,0.43
-1.1183532179367743,0.345473956926765,0.43,0.43
-1.101935974241654,0.4140983986303132,0.43,0.43
-1.0829707698775495,0.4852994651703785,0.43,0.43
-1.0610368899788258,0.5595459592753971,0.43,0.43
-1.0357578428958973,0.6369029312020503,0.43,0.43
-1.0068362277132583,0.7170704995300478,0.43,0.43
-0.9741822366223889,0.7992062694649696,0.43,0.43
-0.9372948646808085,0.8835049144857754,0.43,0.43
-0.8954469311911971,0.9703829244193748,0.43,0.43
-0.8488447903362539,1.0582303712009373,0.43,0.43
-0.7969706442799742,1.1469601641168894,0.43,0.43
-0.7397329177404642,1.2356803351507464,0.43,0.43
-0.676456287669462,1.3243750781912942,0.43,0.43
-0.6071334766963632,1.41199878149394,0.43,0.43
-0.5318146505511068,1.4975848535493805,0.43,0.43
-0.4498451147197907,1.580979330927238,0.43,0.43
-0.36179674716098614,1.6607770393610926,0.43,0.43
-0.26765652354048824,1.7363186498751102,0.43,0.43
-0.16779301043529207,1.806711760302711,0.43,0.43
-0.06242944913313825,1.8712771175520753,0.43,0.43
0.04829306016242069,1.9294152409090153,0.43,0.43
0.16279213308264254,1.979931547663743,0.43,0.43
0.28057340115355833,2.0223948204893456,0.43,0.43
0.4011654964543243,2.056400255677678,0.43,0.43
0.523627901028944,2.0814552804904873,0.43,0.43
0.6475916681885512,2.0972307226251763,0.43,0.43
0.7723133448496244,2.103314237289627,0.43,0.43
0.897177058531986,2.0993217850876946,0.43,0.43
1.0215609101916292,2.0848684127468493,0.43,0.43
1.1437776604368968,2.059830190375353,0.43,0.43
1.2633820389321104,2.024042536779639,0.43,0.43
1.3795969691031271,1.9774113005762444,0.43,0.43
1.492086992178873,1.9196076396182586,0.43,0.43
1.5982650544867079,1.8516284693877487,0.43,0.43
1.6981803627726035,1.7731293644925408,0.43,0.43
1.7903394702519173,1.6846848016366274,0.43,0.43
1.8732252910105778,1.5870640011246273,0.43,0.43
1.944942540379696,1.4817827175319334,0.43,0.43
2.003761796103198,1.3709628246328611,0.43,0.43
2.049354867023721,1.2547435140117842,0.43,0.43
2.0807559993814153,1.1354351669566431,0.43,0.43
2.098181665695547,1.0141377950100448,0.43,0.43
2.1025006683918313,0.8909717449736969,0.43,0.43
2.095177763783339,0.7673908283750462,0.43,0.43
2.078376402923515,0.6437945975297279,0.43,0.43
2.054535858966548,0.5202374212411075,0.43,0.43
2.026107326665865,0.3962989146170042,0.43,0.43
1.995449687571369,0.27147840958548464,0.43,0.43
1.9646400393970909,0.14519522879860539,0.43,0.43
1.9352850746635148,0.016850895378276647,0.43,0.43
1.9086321070041843,-0.11349760637732322,0.43,0.43
1.885380562845252,-0.2462451426541568,0.43,0.43
1.8658308854623924,-0.38276850564327114,0.43,0.43
1.851142648534085,-0.5162646748573517,0.43,0.43
1.8403386107670574,-0.6649443227191568,0.43,0.43
1.8363260683854787,-0.8111332654792759,0.43,0.43
1.840322417336784,-0.9588460852192094,0.43,0.43
1.8540266240265164,-1.105720697319128,0.43,0.43
1.87908069518496,-1.2515099358560169,0.43,0.43
1.9160128606299247,-1.3931228326297038,0.43,0.43
1.9637604026894389,-1.5278080252684227,0.43,0.43
2.021036759866964,-1.6560103001477031,0.43,0.43
2.086402879609139,-1.778878098115502,0.43,0.43
2.158197945806662,-1.8976443068748239,0.43,0.43
2.233258112632848,-2.0116943241087375,0.43,0.43
2.3091991004333807,-2.1220628278604625,0.43,0.43
2.3833049465681593,-2.2291080530971312,0.43,0.43
2.4556764684533148,-2.3369147816824025,0.43,0.43
2.5192930241912683,-2.437998510144967,0.43,0.43
2.5805368722371402,-2.5453633880630195,0.43,0.43
2.635285879077402,-2.6556023671450406,0.43,0.43
2.68371123039993,-2.7732745259495446,0.43,0.43
2.721159908156923,-2.890292928660537,0.43,0.43
2.750055871368538,-3.020434101464869,0.43,0.43
2.7651389087505627,-3.146658143192499,0.43,0.43
2.767224576495112,-3.274440670558851,0.43,0.43
2.7557605989852023,-3.4011839749674735,0.43,0.43
2.730455941241089,-3.526219051584972,0.43,0.43
2.6918583113094643,-3.646196928044075,0.43,0.43
2.640602120688651,-3.75973473254107,0.43,0.43
2.577939957144364,-3.864740887734549,0.43,0.43
2.5055760679182666,-3.959355668208103,0.43,0.43
2.4255091336863104,-4.04213856132351,0.43,0.43
2.342924823926067,-4.109924773353464,0.43,0.43
2.248846340180995,-4.1700479914395965,0.43,0.43
2.155209927763145,-4.2148724431367235,0.43,0.43
2.0594553369460273,-4.247375974985088,0.43,0.43
1.967011205441944,-4.26746861819392,0.43,0.43
1.8664903737344127,-4.278188934805491,0.43,0.43
1.7730073084566331,-4.279047639803456,0.43,0.43
1.6822393280638486,-4.272649852521532,0.43,0.43
1.5935249843042982,-4.260558415848941,0.43,0.43
1.5064632594037977,-4.244029267408508,0.43,0.43
1.4190338206862831,-4.223658335620921,0.43,0.43
1.3320870871671577,-4.200424229943477,0.43,0.43
1.2444218965347407,-4.1746496203064885,0.43,0.43
1.1566617424742922,-4.147019139587848,0.43,0.43
1.0676296866323813,-4.117550992239636,0.43,0.43
0.9778076317843208,-4.086683212622236,0.43,0.43
0.8867731393324783,-4.054457873567645,0.43,0.43
0.7948825340157787,-4.021086662744757,0.43,0.43
0.7016437662001752,-3.986370074282022,0.43,0.43
0.606223102610567,-3.949849840599099,0.43,0.43
0.5083973750674006,-3.9111604799063886,0.43,0.43
0.40882323686490624,-3.8701711071845244,0.43,0.43
0.3073110312234344,-3.8263089076246115,0.43,0.43
0.20469430671064526,-3.779350494126132,0.43,0.43
0.10113559529930455,-3.7287082826216382,0.43,0.43
-0.003107393713168001,-3.6737319312151424,0.43,0.43
-0.10699354508266529,-3.6141098757900805,0.43,0.43
-0.20920592822211778,-3.549728135934969,0.43,0.43
-0.3092345144141799,-3.4800029621746185,0.43,0.43
-0.40602208544366136,-3.4047140659687356,0.43,0.43
-0.4992420146909114,-3.323066422931292,0.43,0.43
-0.587508605289874,-3.23517812728874,0.43,0.43
-0.669808207861286,-3.1410695138952103,0.43,0.43
-0.7481952989007151,-3.03664243649635,0.43,0.43
-0.813130577403037,-2.934885518188088,0.43,0.43
-0.8731950792737867,-2.822883962401032,0.43,0.43
-0.9247089222109532,-2.7059890836692233,0.43,0.43
-0.9658896350793038,-2.5900160112084962,0.43,0.43
-1.0015619503801034,-2.4604726865399393,0.43,0.43
-1.0272996156862,-2.332539742162128,0.43,0.43
-1.0448725834758639,-2.202549263832955,0.43,0.43
-1.0547988309978689,-2.071881082562901,0.43,0.43
-1.0578909962791039,-1.940856542271134,0.43,0.43
-1.0550428599394657,-1.8097767925774715,0.43,0.43
-1.0473521215233481,-1.6800919379048662,0.43,0.43
-1.0359401019031327,-1.5508462869223982,0.43,0.43
-1.0219937569106996,-1.4215631993443967,0.43,0.43
-1.0068987677470556,-1.2928554385467985,0.43,0.43
-0.9918147194649566,-1.1632970446175945,0.43,0.43
-0.9780059118864688,-1.0329821048622465,0.43,0.43
-0.9664994246360944,-0.9013347959957031,0.43,0.43
-0.9580807659612816,-0.7679442118331319,0.43,0.43
-0.9532116365750358,-0.6331856295462774,0.43,0.43
-0.9519246831206173,-0.4965536991983879,0.43,0.43
-0.9539142694185427,-0.35847963362685137,0.43,0.43
-0.9585139679473701,-0.21916496962054718,0.43,0.43
-0.9647494844225335,-0.07874820423683078,0.43,0.43
-0.9713493146605513,0.06209032191019274,0.43,0.43
-0.9768698824594685,0.20380559955796712,0.43,0.43
-0.979646581979644,0.3452370730173527,0.43,0.43
-0.9780345110635751,0.4849833611228505,0.43,0.43
-0.9707511599915764,0.6199518396891933,0.43,0.43
-0.9572905504915922,0.7471471202696327,0.43,0.43
-0.9378008989416439,0.8654051675669261,0.43,0.43
-0.9124790497020402,0.9758358241872449,0.43,0.43
-0.8822394938722591,1.0773385216902776,0.43,0.43
-0.8483827263589662,1.1691463508389266,0.43,0.43
-0.8120333445612031,1.2516661967436067,0.43,0.43
-0.7732473441084916,1.3272456629343228,0.43,0.43
-0.7314174469050508,1.3983107665115377,0.43,0.43
-0.6867340666151218,1.4651554896162744,0.43,0.43
-0.6401360072755623,1.5270268274794798,0.43,0.43
-0.5919282118400946,1.5842055449227646,0.43,0.43
-0.5426890761576537,1.6366243791899546,0.43,0.43
-0.490788544776601,1.6862891339564543,0.43,0.43
-0.43490332348458527,1.7341979197868578,0.43,0.43
-0.3740856780789654,1.7805625141878194,0.43,0.43
-0.30862197985234313,1.8244871885159413,0.43,0.43
-0.23870125498441463,1.865239553082685,0.43,0.43
-0.1649819097434749,1.9019296780925987,0.43,0.43
-0.08760592452396211,1.9340567825658583,0.43,0.43
-0.006966043022393284,1.9610563812724273,0.43,0.43
0.07627453681857292,1.9823829543063567,0.43,0.43
0.16128689576621671,1.9976135996290552,0.43,0.43
0.24699827468013294,2.0064901710284166,0.43,0.43
0.3329019284016125,2.008990825847187,0.43,0.43
0.41832326260238717,2.005173003612364,0.43,0.43
0.5026957629444373,1.9951914423402932,0.43,0.43
0.5860256689664216,1.9791534739890932,0.43,0.43
0.6684054480037851,1.9570551242241685,0.43,0.43
0.7499354693503115,1.9287717330163638,0.43,0.43
0.8301752004783693,1.8942980559591998,0.43,0.43
0.9079390628881648,1.8540816676419123,0.43,0.43
0.9824319689033089,1.808632308963678,0.43,0.43
1.0563746388576007,1.75598381086915,0.43,0.43
1.1262127786474283,1.69833126783244,0.43,0.43
1.1920313844061232,1.635680227344857,0.43,0.43
1.2530380428726369,1.5688714706124345,0.43,0.43
1.3113461276074407,1.4951548489510462,0.43,0.43
1.3648299937651356,1.4164304761434305,0.43,0.43
1.4116049818921652,1.3355647884821698,0.43,0.43
1.452810586310079,1.2506955820278463,0.43,0.43
1.4876098244013027,1.1632280977270604,0.43,0.43
1.515603501015955,1.0742598387905953,0.43,0.43
1.5367344025801806,0.9842713063839507,0.43,0.43
1.5510156270921374,0.8933609936145949,0.43,0.43
1.5583710185184505,0.8018003729012154,0.43,0.43
1.558739603429433,0.7109326395244543,0.43,0.43
1.5522261305715206,0.6207965966007742,0.43,0.43
1.5387844747117312,0.5310831767103982,0.43,0.43
1.5182500057954131,0.44179147413236675,0.43,0.43
1.4899080449837183,0.3517354642024458,0.43,0.43
1.4531032293202486,0.26120901004561353,0.43,0.43
1.4077481178324267,0.17183505724095532,0.43,0.43
1.3536261255646527,0.08454954121999991,0.43,0.43
1.2908930264379492,0.0006206762938021038,0.43,0.43
1.2203550275798158,-0.07876893350420125,0.43,0.43
1.143499514774549,-0.15335182381582307,0.43,0.43
1.0616831050717022,-0.22473880710899635,0.43,0.43
0.9780236954092341,-0.2939909620203619,0.43,0.43
0.8959299683957678,-0.36177458106987664,0.43,0.43
0.8160953899719315,-0.429669698845508,0.43,0.43
0.7378552250861591,-0.4992008942415646,0.43,0.43
0.6621460003671221,-0.5696145924850865,0.43,0.43
0.5886086123184031,-0.6406762138658545,0.43,0.43
0.5159206020818995,-0.7128293967978687,0.43,0.43
0.4432301214121228,-0.7860570404741678,0.43,0.43
0.3688681270404896,-0.8612866479471442,0.43,0.43
0.29245000036176766,-0.9382666464700838,0.43,0.43
0.21389071132795487,-1.0165507729153096,0.43,0.43
0.1332020616660749,-1.0957345928575637,0.43,0.43
0.05070654599819792,-1.1752769620965058,0.43,0.43
-0.03384910114958107,-1.2553658981092728,0.43,0.43
-0.11963232296900923,-1.335334373913875,0.43,0.43
-0.20705091470591555,-1.4158499215254625,0.43,0.43
-0.2958214527143548,-1.4970873248832015,0.43,0.43
-0.38941055632042276,-1.5828276722645105,0.43,0.43
-0.4791514325439645,-1.6658909100901036,0.43,0.43
-0.5685724785621808,-1.7503461073079232,0.43,0.43
-0.6568659300708003,-1.8363647905334897,0.43,0.43
-0.7434447262863967,-1.9243687550715536,0.43,0.43
-0.827859738839871,-2.014960408872031,0.43,0.43
-0.9097651938757128,-2.1089300978168413,0.43,0.43
-0.9880888793927802,-2.2062753875241303,0.43,0.43
-1.0622470138814977,-2.307569554123116,0.43,0.43
-1.1311530991617718,-2.412741355428291,0.43,0.43
-1.193759696088088,-2.5217031514088393,0.43,0.43
-1.248886633400737,-2.634077719208326,0.43,0.43
-1.2958696302341304,-2.7508685231770333,0.43,0.43
-1.332851970740233,-2.8707902317014424,0.43,0.43
-1.3582008307807163,-2.9928449449652152,0.43,0.43
-1.3706039884508798,-3.1214275499609303,0.43,0.43
-1.368093751838033,-3.2393036846041805,0.43,0.43
-1.3498409396707818,-3.3635313683147077,0.43,0.43
-1.3193606825310624,-3.4728084804286348,0.43,0.43
-1.2750576407001093,-3.5801030550568735,0.43,0.43
-1.220160256476832,-3.679267539098194,0.43,0.43
-1.1568488837580997,-3.7697288359368883,0.43,0.43
-1.086947263159239,-3.851244024460436,0.43,0.43
-1.0113892474417883,-3.924036400943819,0.43,0.43
-0.930107642014309,-3.988413757877841,0.43,0.43
-0.8417890033658407,-4.044774844100764,0.43,0.43
-0.7588910151341339,-4.08716197282332,0.43,0.43
-0.6729474123248896,-4.123206034929265,0.43,0.43
-0.5884098024427306,-4.153950377719186,0.43,0.43
-0.5052489172138191,-4.182296276159215,0.43,0.43
-0.4221179876710006,-4.21026234119402,0.43,0.43
-0.33897650733613616,-4.237856459812476,0.43,0.43
-0.25436811490758887,-4.2644629208590255,0.43,0.43
-0.16757399934204192,-4.28883275143191,0.43,0.43
-0.07858940769271257,-4.3097246509587155,0.43,0.43
0.0163742192426426,-4.326835758054778,0.43,0.43
0.10553996058411705,-4.33779962955365,0.43,0.43
0.20368309651666433,-4.344187566145546,0.43,0.43
0.29452893459694623,-4.3450652443184286,0.43,0.43
0.38965651976622073,-4.3413066912610985,0.43,0.43
0.4851284391713483,-4.33344937001646,0.43,0.43
0.5804016944894312,-4.322427254852011,0.43,0.43
0.6755126100276327,-4.3092495417551495,0.43,0.43
0.7717689398545658,-4.294735895215964,0.43,0.43
0.868469647811845,-4.279939679555014,0.43,0.43
0.9661268726898683,-4.265600374076751,0.43,0.43
1.0650257013203954,-4.2522618806004475,0.43,0.43
1.165550291741071,-4.240128795931768,0.43,0.43
1.26811693429327,-4.2289962256715485,0.43,0.43
1.3732962062425185,-4.218218939984892,0.43,0.43
1.4798421530988857,-4.206908848576588,0.43,0.43
1.5872713733645236,-4.193727719434287,0.43,0.43
1.6956876286673224,-4.176943614397338,0.43,0.43
1.7966023423998068,-4.15647076465866,0.43,0.43
1.8895035176881818,-4.131894077020881,0.43,0.43
1.9736156922691288,-4.103490858629579,0.43,0.43
2.051500028157121,-4.070669255811625,0.43,0.43
2.126562867447545,-4.031743588695574,0.43,0.43
2.199157416683077,-3.9857473252673103,0.43,0.43
2.268383095321603,-3.9324115142327574,0.43,0.43
2.3333659098328132,-3.871691543584909,0.43,0.43
2.3928181792646757,-3.804276247437821,0.43,0.43
2.4473246395403336,-3.7286206816522074,0.43,0.43
2.4919737790265737,-3.6519031518207483,0.43,0.43
2.5295785405843496,-3.5702856489975585,0.43,0.43
2.5586290535102325,-3.4872050557780914,0.43,0.43
2.5794519949456336,-3.402697995121104,0.43,0.43
2.591836921058631,-3.3195451728210306,0.43,0.43
2.5964439786673723,-3.236600864663861,0.43,0.43
2.593646537090984,-3.156292866608517,0.43,0.43
2.583979085833553,-3.0773379860458316,0.43,0.43
2.567955904261872,-3.0002411683898083,0.43,0.43
2.5446910053924827,-2.920732499926001,0.43,0.43
2.5177737937716724,-2.848551956377494,0.43,0.43
2.483073678815524,-2.7712159199468736,0.43,0.43
2.4472322431687927,-2.7019733596599456,0.43,0.43
2.404706411831373,-2.6282323819399656,0.43,0.43
2.365588249085397,-2.5654298329812684,0.43,0.43
2.3223244788741297,-2.499341638843626,0.43,0.43
2.2780689290469525,-2.4337050831742024,0.43,0.43
2.232213640517007,-2.3663802520378407,0.43,0.43
2.184956570378288,-2.2965553499431652,0.43,0.43
2.135728923979869,-2.2224386763695585,0.43,0.43
2.0861860434390493,-2.1459752905459255,0.43,0.43
2.0354461586249215,-2.065786220394293,0.43,0.43
1.9831502738833546,-1.9817380248388552,0.43,0.43
1.9290136591459013,-1.8942320297859794,0.43,0.43
1.8719422651257107,-1.802556864807434,0.43,0.43
1.8117989156448395,-1.707317775077216,0.43,0.43
1.7497688115223458,-1.6104296745678777,0.43,0.43
1.6861708078888977,-1.5116127168656817,0.43,0.43
1.6225710276806389,-1.412079045207611,0.43,0.43
1.560940714674663,-1.3138244361646758,0.43,0.43
1.5036340904201853,-1.220327239351946,0.43,0.43
1.4505946040025302,-1.1321656994674718,0.43,0.43
1.4012938263389105,-1.0495748368875375,0.43,0.43
1.3548417288256578,-0.9722129251171432,0.43,0.43
1.308254278231308,-0.896233117274619,0.43,0.43
1.259446871851881,-0.8196027565697935,0.43,0.43
1.2077216252506937,-0.7429117168110325,0.43,0.43
1.1511701734688786,-0.6654334110042899,0.43,0.43
1.0902011535471112,-0.5900930554247705,0.43,0.43
1.0270872431620615,-0.5213906378990981,0.43,0.43
0.9531440671437096,-0.45266750243940085,0.43,0.43
0.8770409894988935,-0.3937401818605534,0.43,0.43
0.7970221957784739,-0.3418173445930625,0.43,0.43
0.7151014425102447,-0.2955957966266074,0.43,0.43
0.6336086527348341,-0.25317262325151835,0.43,0.43
0.5522244985020447,-0.21191768222172777,0.43,0.43
0.47116393185491323,-0.17075374855596334,0.43,0.43
0.39021040160773807,-0.12930379240227483,0.43,0.43
0.3079118312156679,-0.0869070625800323,0.43,0.43
0.22340553309788969,-0.0431121892761143,0.43,0.43
0.13761820664174942,0.0018085877556496747,0.43,0.43
0.0508808267218706,0.04807916033142348,0.43,0.43
-0.03537977750364742,0.09548672303702531,0.43,0.43
-0.12199903016352687,0.1451805433166889,0.43,0.43
-0.20687502844386074,0.19669711402710174,0.43,0.43
-0.290234588244715,0.25088617024044,0.43,0.43
-0.3724206338059528,0.3087709037149398,0.43,0.43
-0.4530888992254424,0.3710300058584509,0.43,0.43
-0.5310827770696405,0.43779810959686666,0.43,0.43
-0.6019104237801585,0.5059006716342822,0.43,0.43
-0.6723131170846542,0.5837141300908606,0.43,0.43
-0.7315092890125332,0.6612166424009567,0.43,0.43
-0.7805036726735289,0.7393709241293543,0.43,0.43
-0.8191643826114324,0.817297805922711,0.43,0.43
-0.8479921494913074,0.8940816841185351,0.43,0.43
-0.8685316223044188,0.9708939286635451,0.43,0.43
-0.8816530791237963,1.0460609495141593,0.43,0.43
-0.8888747697591832,1.119882220523523,0.43,0.43
-0.8914070006730377,1.1903915840336141,0.43,0.43
-0.8904165568659839,1.2595361749737901,0.43,0.43
-0.8865058822110099,1.3277653820410904,0.43,0.43
-0.8799554962308951,1.3951547875973507,0.43,0.43
-0.8704854936382381,1.4633643512917565,0.43,0.43
-0.8576504251416023,1.5321811435559292,0.43,0.43
-0.8408415290751066,1.6013187252541685,0.43,0.43
-0.8206467808661558,1.666763773499678,0.43,0.43
-0.7936210547254897,1.7367901939013215,0.43,0.43
-0.7640697028567425,1.7992522494032095,0.43,0.43
-0.7261598350234032,1.8656945656210862,0.43,0.43
-0.6865849952716999,1.9239785947472623,0.43,0.43
-0.639543726597249,1.982910205399336,0.43,0.43
-0.5900089253307348,2.035942736552203,0.43,0.43
-0.5373252162311587,2.0844775697670177,0.43,0.43
-0.48243003292473857,2.1280549544979506,0.43,0.43
-0.4258294091903836,2.1666935311767648,0.43,0.43
-0.36965158490535815,2.199540915870841,0.43,0.43
-0.3065441159473299,2.2306021927704767,0.43,0.43
-0.24134656206220959,2.256781067066381,0.43,0.43
-0.17333546392525384,2.2781726500699304,0.43,0.43
-0.1011581912062604,2.2947011693347172,0.43,0.43
-0.021052748910420957,2.306062353920654,0.43,0.43
0.05730484408956743,2.3104955624650922,0.43,0.43
0.1440279442222965,2.3081865393918157,0.43,0.43
0.23553477702658057,2.2980961103457993,0.43,0.43
0.33062679549554497,2.2799413458999456,0.43,0.43
0.4275633856094259,2.2541080174287194,0.43,0.43
0.5237217754185204,2.2218807322525924,0.43,0.43
0.6196356895874703,2.183816110943329,0.43,0.43
0.7154737061082803,2.1403530101821753,0.43,0.43
0.8103121974355134,2.092212894584603,0.43,0.43
0.9018436772199997,2.0407629611301714,0.43,0.43
0.9875602470636748,1.9876539016346972,0.43,0.43
1.070905347817106,1.9306312848029628,0.43,0.43
1.1501014866693862,1.870386176061971,0.43,0.43
1.2254180619983372,1.8060801950091387,0.43,0.43
1.2931966506184591,1.7405186874726717,0.43,0.43
1.3611991521438067,1.6647368668939553,0.43,0.43
1.4169908724459963,1.5920245066195002,0.43,0.43
1.4708821472180833,1.5083716529366256,0.43,0.43
1.5132487295592851,1.4281883866312997,0.43,0.43
1.551264154156059,1.3377208611271734,0.43,0.43
1.579795498145424,1.247693821205403,0.43,0.43
1.6003631259265505,1.1547979522487635,0.43,0.43
1.6127900003465405,1.0589186072137875,0.43,0.43
1.6166491749171599,0.9583003614154992,0.43,0.43
1.6113490758620115,0.8587158470793096,0.43,0.43
1.5943873759283025,0.7470772277432303,0.43,0.43
1.5659301598482684,0.6383438873406443,0.43,0.43
1.5247038395666432,0.5305287954674,0.43,0.43
1.4705994813977714,0.4266153940119896,0.43,0.43
1.4032952674717791,0.32804899019210554,0.43,0.43
1.3234395542592639,0.23688955836847955,0.43,0.43
1.2323116745596752,0.1543905187388039,0.43,0.43
1.131452683623072,0.08059102370658783,0.43,0.43
1.0218790291409776,0.014243219427478911,0.43,0.43
0.9054937936457879,-0.0458791526988717,0.43,0.43
0.784332062730203,-0.1013421566149906,0.43,0.43
0.6612033260259148,-0.15338486699901427,0.43,0.43
0.5378014801283666,-0.20325570050792793,0.43,0.43
0.4144966855379442,-0.2518856551920421,0.43,0.43
0.2924502577377528,-0.29921641424652257,0.43,0.43
0.17067621898213203,-0.3457009665030852,0.43,0.43
0.04923231596633183,-0.39140535244744196,0.43,0.43
-0.07163644152894022,-0.4366923638756696,0.43,0.43
-0.1917124551193701,-0.482609400445502,0.43,0.43
-0.3097555493783105,-0.5305910477232249,0.43,0.43
-0.42467638635455746,-0.5825700694372972,0.43,0.43
-0.5362299136013284,-0.6410024903774738,0.43,0.43
-0.6426407295951793,-0.7074476433426226,0.43,0.43
-0.7421438083205155,-0.7828259706072196,0.43,0.43
-0.8319599742521735,-0.8660820946344612,0.43,0.43
-0.9114071431558834,-0.9566881655672881,0.43,0.43
-0.9803018437038988,-1.054382667257254,0.43,0.43
-1.0380426061861854,-1.1582183347292883,0.43,0.43
-1.0843530976688227,-1.2671169775762456,0.43,0.43
-1.1194021816631983,-1.3792702426915724,0.43,0.43
-1.144457339279334,-1.492878803312351,0.43,0.43
-1.161771652178946,-1.6073937589518843,0.43,0.43
-1.173686394079162,-1.7217065210509481,0.43,0.43
-1.1824696173961062,-1.835914253812345,0.43,0.43
-1.1896757450226156,-1.948789636214782,0.43,0.43
-1.1960181777717154,-2.059791306336355,0.43,0.43
-1.2012574919959038,-2.1690711825039988,0.43,0.43
-1.2044511855324325,-2.2771531056146745,0.43,0.43
-1.204237534698555,-2.383677973525313,0.43,0.43
-1.1991006879731925,-2.489305036599958,0.43,0.43
-1.187500440508261,-2.593933335312256,0.43,0.43
-1.1679041825463974,-2.6979604261372314,0.43,0.43
-1.1395950625447357,-2.7991365580477177,0.43,0.43
-1.1021756579478137,-2.8965451233638735,0.43,0.43
-1.0557836091714994,-2.988902772651478,0.43,0.43
-1.0010113153169655,-3.074940644248385,0.43,0.43
-0.938739300827273,-3.15363220696591,0.43,0.43
-0.8707679193639206,-3.2235195714569214,0.43,0.43
-0.8011067609056,-3.2822903015960136,0.43,0.43
-0.7217352483292963,-3.336852260321251,0.43,0.43
-0.6423466149910123,-3.3806187075645564,0.43,0.43
-0.5603634918252516,-3.4162298284967636,0.43,0.43
-0.4765090141392565,-3.443891347198021,0.43,0.43
-0.3929875611329404,-3.463624620779165,0.43,0.43
-0.31372206724742374,-3.4758183390294333,0.43,0.43
-0.228832751221608,-3.4823735850343325,0.43,0.43
-0.1471049873031982,-3.482713321072592,0.43,0.43
-0.06398463354134239,-3.4772988274583074,0.43,0.43
0.01928370029316755,-3.4661518436212564,0.43,0.43
0.11483614463294066,-3.4462234928812445,0.43,0.43
0.2108815776261205,-3.4181631450070555,0.43,0.43
0.3094172784901885,-3.3803208315298594,0.43,0.43
0.4065060910286472,-3.3329990559470906,0.43,0.43
0.5010552521151695,-3.27586594607522,0.43,0.43
0.5921074523913844,-3.208622506676995,0.43,0.43
0.6773413330032015,-3.1324611669173725,0.43,0.43
0.7567590342945028,-3.0471467986983902,0.43,0.43
0.8294446910170591,-2.9535071803338293,0.43,0.43
0.8921320817645592,-2.857058105697115,0.43,0.43
0.9524248679028596,-2.7457110241228797,0.43,0.43
1.0013894142381234,-2.636744028982573,0.43,0.43
1.041947499444628,-2.5289021956088855,0.43,0.43
1.0752870513132784,-2.4239612518664746,0.43,0.43
1.1028213941652374,-2.322877915820921,0.43,0.43
1.1261369813565272,-2.2251786528074122,0.43,0.43
1.1461097369164026,-2.1325421805101077,0.43,0.43
1.1635995979753437,-2.0462131519505085,0.43,0.43
1.1792853168909874,-1.9671165445289485,0.43,0.43
1.194573102567454,-1.8911184592591928,0.43,0.43
1.211242047916875,-1.8119558102252789,0.43,0.43
1.230155801040272,-1.7286515090509444,0.43,0.43
1.2514428452863595,-1.643681024933579,0.43,0.43
1.2755275460369804,-1.557631963772286,0.43,0.43
1.3028157416873776,-1.4705938409161132,0.43,0.43
1.3334842527434816,-1.3827333453347972,0.43,0.43
1.3676328135456728,-1.2936747974236769,0.43,0.43
1.4044601807028168,-1.2044075309832727,0.43,0.43
1.4429841068087346,-1.1151173144157274,0.43,0.43
1.4821438869564254,-1.025124334948375,0.43,0.43
1.5201434696140206,-0.9345407534734609,0.43,0.43
1.5554203922988636,-0.8421906239285502,0.43,0.43
1.5862507039801108,-0.7469263896232793,0.43,0.43
1.6111178281078382,-0.6488169597150715,0.43,0.43
1.6301802154181086,-0.5476946960146711,0.43,0.43
1.6454931038542204,-0.44293195298498916,0.43,0.43
1.6598012960749953,-0.3356040413886317,0.43,0.43
1.674642618246384,-0.23122654965730136,0.43,0.43
1.692414718763411,-0.11690423455423746,0.43,0.43
1.7101249599029595,-0.0061256837308006525,0.43,0.43
1.7271734040783686,0.10592971281003889,0.43,0.43
1.7423272579127047,0.2198663269610556,0.43,0.43
1.7542080757867482,0.33488885623169906,0.43,0.43
1.7616784808198982,0.4518069812866222,0.43,0.43
1.7635274814240811,0.5694805452823078,0.43,0.43
1.7587026611291305,0.6885691144659905,0.43,0.43
1.746271058687668,0.8077792282327303,0.43,0.43
1.7255013639167889,0.9264018020912478,0.43,0.43
1.6956728343365282,1.0442065590292537,0.43,0.43
1.656859183757907,1.1587305132016597,0.43,0.43
1.6088898046935707,1.2694898723999035,0.43,0.43
1.5506215252296909,1.3775295461423247,0.43,0.43
1.4844479280573382,1.47772187056079,0.43,0.43
1.4159925597268261,1.5639617771690426,0.43,0.43
1.3379988462624794,1.6465061849726947,0.43,0.43
1.2525964415883761,1.7225090914361099,0.43,0.43
1.1636688743561425,1.7896563021267287,0.43,0.43
1.0727346423270607,1.84901972725777,0.43,0.43
0.9807392417185354,1.9024110212555847,0.43,0.43
0.8887249465650436,1.9515086130393984,0.43,0.43
0.7962622258781246,1.99837031252336,0.43,0.43
0.7024820751932812,2.0446255309729144,0.43,0.43
0.6088764536672356,2.0899554001356444,0.43,0.43
0.5147517420749813,2.1341716170803555,0.43,0.43
0.41915082795543573,2.1763708121470366,0.43,0.43
0.32177368949149915,2.214797662414177,0.43,0.43
0.2218525949970422,2.2476426651512726,0.43,0.43
0.12018501619643338,2.272719213848798,0.43,0.43
0.017995242114408363,2.2884587825123517,0.43,0.43
-0.08552671114215636,2.2941537756945274,0.43,0.43
-0.18851809752920234,2.289138146174605,0.43,0.43
-0.28859337152804465,2.2734953835552165,0.43,0.43
-0.38457517872529223,2.2476971562079835,0.43,0.43
-0.4739816967848492,2.213046236962524,0.43,0.43
-0.5566837263258931,2.1704868602926677,0.43,0.43
-0.6323287723548453,2.121090878322721,0.43,0.43
-0.7001984468309047,2.0664481147727316,0.43,0.43
-0.7609287156742,2.007296125542222,0.43,0.43
-0.8152808250194669,1.9439830980589614,0.43,0.43
-0.8635721130884948,1.8771786964195254,0.43,0.43
-0.906465587152319,1.807022863731113,0.43,0.43
-0.9445885093481224,1.733517314897146,0.43,0.43
-0.9783600129526066,1.657069231103538,0.43,0.43
-1.0084222366920248,1.5778696202717581,0.43,0.43
-1.0358116611519244,1.495336515151126,0.43,0.43
-1.063094526576684,1.4041310347622666,0.43,0.43
-1.0911285332468914,1.305423485784941,0.43,0.43
-1.1209461158885878,1.2003852347554242,0.43,0.43
-1.151986160113479,1.0899122891928177,0.43,0.43
-1.180400928630591,0.9742354713052116,0.43,0.43
-1.199661085527753,0.8578579495691117,0.43,0.43
-1.2068979688136443,0.7456004302939692,0.43,0.43
-1.2045454242808304,0.6346405871514955,0.43,0.43
-1.1962959126739536,0.5240751292418148,0.43,0.43
-1.1855282223406995,0.4127592728211649,0.43,0.43
-1.174412425716501,0.3007885371791338,0.43,0.43
-1.1638806371754278,0.1880137233247592,0.43,0.43
-1.1541693974561884,0.07419280823129852,0.43,0.43
-1.1453276024969,-0.04055574839437049,0.43,0.43
-1.137342923605008,-0.15593875213377337,0.43,0.43
-1.1301361917749866,-0.27181986140832193,0.43,0.43
-1.1235326806315538,-0.3891816717397382,0.43,0.43
-1.1174555342178787,-0.5070575030298676,0.43,0.43
-1.1117814653000766,-0.6251269703185046,0.43,0.43
-1.1063714680606445,-0.7438036518861071,0.43,0.43
-1.1010764879998989,-0.8646984496556392,0.43,0.43
-1.0959209559322725,-0.9868586247655919,0.43,0.43
-1.090978223190131,-1.1100445536502246,0.43,0.43
-1.0864297882304916,-1.2340637240801215,0.43,0.43
-1.0825536282262722,-1.3595109524643691,0.43,0.43
-1.0797646589095018,-1.4849658888060986,0.43,0.43
-1.078421272943261,-1.6097667300152305,0.43,0.43
-1.0787854995209762,-1.735224994916187,0.43,0.43
-1.0810023524755765,-1.8609701637861509,0.43,0.43
-1.0849181248179838,-1.9851325253118621,0.43,0.43
-1.0901254639831732,-2.108120122204457,0.43,0.43
-1.0958919354539767,-2.229522280597122,0.43,0.43
-1.1011806630910455,-2.349218667612327,0.43,0.43
-1.104635146939632,-2.466846935093894,0.43,0.43
-1.1045766708334501,-2.5840588609236823,0.43,0.43
-1.0988141067960768,-2.7001079801168624,0.43,0.43
-1.085109676387546,-2.8135370616344706,0.43,0.43
-1.0618195872320848,-2.9235398635813294,0.43,0.43
-1.0282693287224856,-3.029831301407013,0.43,0.43
-0.9849218253292897,-3.13199291389105,0.43,0.43
-0.9324335905809755,-3.2307584056311542,0.43,0.43
-0.8722703800449887,-3.326222222173438,0.43,0.43
-0.8057629527993595,-3.4197435309082795,0.43,0.43
-0.733852919493737,-3.513204530585862,0.43,0.43
-0.656668576195613,-3.6079482357781605,0.43,0.43
-0.574458525482036,-3.7022949118253385,0.43,0.43
-0.4859337621523452,-3.7944288888746667,0.43,0.43
-0.39008624768291367,-3.881964149624726,0.43,0.43
-0.28653207457721014,-3.962438629093878,0.43,0.43
-0.17486985258496487,-4.034033692870298,0.43,0.43
-0.05612895987292845,-4.094771192003756,0.43,0.43
0.06302878979612492,-4.141825996198665,0.43,0.43
0.1966001187614934,-4.180601725460907,0.43,0.43
0.32731295521621173,-4.207036393929172,0.43,0.43
0.4594933461097007,-4.225064255309819,0.43,0.43
0.5867412329467907,-4.23669524358656,0.43,0.43
0.7244740404580251,-4.245510573889905,0.43,0.43
0.851440914766601,-4.2520223222214515,0.43,0.43
0.9893437185320381,-4.258603053988076,0.43,0.43
1.115357275062553,-4.264353690476221,0.43,0.43
1.252862547703102,-4.269580428321451,0.43,0.43
1.3800005917741818,-4.272084102986351,0.43,0.43
1.5193791984411134,-4.270209433776929,0.43,0.43
1.6536912502177892,-4.261517758819016,0.43,0.43
1.7873402882117846,-4.24360913096475,0.43,0.43
1.9129883134283956,-4.215702628378923,0.43,0.43
2.044183249807514,-4.171559223916123,0.43,0.43
2.156723527357037,-4.117504517616033,0.43,0.43
2.263587583427162,-4.0471744588578265,0.43,0.43
2.3473849226500745,-3.973782777115584,0.43,0.43
2.422063441648087,-3.888356305286003,0.43,0.43
2.480749472876571,-3.8004549863274533,0.43,0.43
2.5281910822945917,-3.7060939919833387,0.43,0.43
2.56509769082253,-3.60303279884345,0.43,0.43
2.589930759188804,-3.492062014879031,0.43,0.43
2.60092945162546,-3.3751396343085913,0.43,0.43
2.596077126764124,-3.2501839356933653,0.43,0.43
2.5751242158590517,-3.1317904655758846,0.43,0.43
2.537609536354987,-3.0160949048496506,0.43,0.43
2.475893986250518,-2.8935963668763662,0.43,0.43
2.4025364477928686,-2.792036882977595,0.43,0.43
2.320369608459907,-2.707619621095799,0.43,0.43
2.2284106869289366,-2.6357119023251343,0.43,0.43
2.127805966726049,-2.5755684460645374,0.43,0.43
2.0207569350033903,-2.5269569629132884,0.43,0.43
1.9097061137145495,-2.489230708804215,0.43,0.43
1.7939149173451372,-2.4606323875267795,0.43,0.43
1.6739950217657216,-2.440096769456408,0.43,0.43
1.5516282306412768,-2.426494722852731,0.43,0.43
1.4268373764780917,-2.418216710548613,0.43,0.43
1.2996977325407622,-2.413576506224449,0.43,0.43
1.1705286839708902,-2.4108367417142906,0.43,0.43
1.0395036036540521,-2.408332872013263,0.43,0.43
0.9068695074091319,-2.404638298897472,0.43,0.43
0.7723693393591966,-2.3985459147373906,0.43,0.43
0.6358627786341292,-2.388964549125774,0.43,0.43
0.500217661520738,-2.375115164079579,0.43,0.43
0.3666901706409717,-2.356203832565216,0.43,0.43
0.2376309765178484,-2.331589841986592,0.43,0.43
0.11808672632208157,-2.301597798679059,0.43,0.43
0.009066849342536166,-2.2665130978535237,0.43,0.43
-0.08968787027283073,-2.2267723561573147,0.43,0.43
-0.17841905437930394,-2.1832285671879847,0.43,0.43
-0.25759895325548443,-2.136992602158877,0.43,0.43
-0.33039095480574554,-2.0874741871833513,0.43,0.43
-0.3986490083590859,-2.0342819104701575,0.43,0.43
-0.46243401554081787,-1.9781986387233481,0.43,0.43
-0.521980938892536,-1.919977153771405,0.43,0.43
-0.5769673985489037,-1.8610143125354282,0.43,0.43
-0.6275192369084229,-1.802325482920239,0.43,0.43
-0.6737179311471323,-1.7449154771465938,0.43,0.43
-0.7155308105845113,-1.6898464532730533,0.43,0.43
-0.7534205016149536,-1.6373853506182952,0.43,0.43
-0.7883948692279827,-1.586771235247212,0.43,0.43
-0.8188221507888135,-1.5409729069968816,0.43,0.43
-0.8491982648152893,-1.4935186397776479,0.43,0.43
-0.8738516525446337,-1.4536257167638111,0.43,0.43
-0.899067377013242,-1.4114056887692839,0.43,0.43
-0.9212375984936142,-1.3729545390550069,0.43,0.43
-0.9425162415732692,-1.334714348048416,0.43,0.43
-0.9618292428044574,-1.2987070233263514,0.43,0.43
-0.9804517877381342,-1.2626323238005668,0.43,0.43
-0.9984324516474232,-1.2263317407266507,0.43,0.43
-1.0157892553763899,-1.1896821183206794,0.43,0.43
-1.032568687813221,-1.1524704983126413,0.43,0.43
-1.04938412948794,-1.1130698638567724,0.43,0.43
-1.0648928386365972,-1.0744586970050827,0.43,0.43
-1.080558423392613,-1.0327247815514373,0.43,0.43
-1.0944748796619916,-0.9927778341039905,0.43,0.43
-1.1072459489999307,-0.9531147479487553,0.43,0.43
-1.1188259598853578,-0.9139913416511812,0.43,0.43
-1.1295220838367164,-0.874420051192481,0.43,0.43
-1.139179711967377,-0.8349961853387833,0.43,0.43
-1.1477230182045737,-0.7962519559837984,0.43,0.43
-1.155264297036037,-0.7579968788852612,0.43,0.43
-1.1615687615272465,-0.7220534799051409,0.43,0.43
-1.1674672918979878,-0.6838967066797395,0.43,0.43
-1.1722876448159647,-0.6481327268621873,0.43,0.43
-1.176433088330772,-0.6126050362131232,0.43,0.43
-1.179913331509639,-0.5777429513746306,0.43,0.43
-1.1828314473900963,-0.543086690738094,0.43,0.43
-1.1851705328634647,-0.5095977000033983,0.43,0.43
-1.1870524947087049,-0.47639650208415263,0.43,0.43
-1.1885056231617026,-0.44372593045322534,0.43,0.43
-1.1895632543002181,-0.41188282844715607,0.43,0.43
-1.1902702712240785,-0.3808854262624689,0.43,0.43
-1.1906534168383434,-0.3521799099004563,0.43,0.43
-1.1907821659403193,-0.3262515675600917,0.43,0.43